shipment_id,origin,destination,distance_km,weight_kg,shipment_date,carrier_name,vehicle_type,weather_condition,traffic_condition
SHP0001,Hyderabad,Chennai,486.9,1538.7,13-01-2023,BlueDart,Van,Clear,Medium
SHP0002,Hyderabad,Bangalore,524.7,12.1,14-02-2023,Delhivery,Truck,Clear,Low
SHP0003,Bangalore,Hyderabad,795.2,798.2,14-01-2023,FedEx,Bike,Clear,Medium
SHP0004,Chennai,Mumbai,520.3,26.3,24-12-2023,Delhivery,Container,Clear,Low
SHP0005,Mumbai,Chennai,631.1,948.9,17-02-2023,Delhivery,Truck,Clear,Medium
SHP0006,Mumbai,Chennai,430.9,1188.3,24-08-2023,DHL,Bike,Clear,Low
SHP0007,Hyderabad,Bangalore,574,64.2,05-07-2023,FedEx,Truck,Clear,Low
SHP0008,Mumbai,Chennai,816.9,369.3,30-04-2023,DHL,Bike,Clear,Medium
SHP0009,Mumbai,Delhi,580.4,1893,09-07-2023,BlueDart,Van,Rain,Medium
SHP0010,Hyderabad,Chennai,582.3,1494.3,08-11-2023,FedEx,Van,Clear,Medium
SHP0011,Hyderabad,Bangalore,267.2,701.3,23-04-2023,BlueDart,Truck,Clear,Low
SHP0012,Mumbai,Bangalore,500.3,1295.4,18-05-2023,DHL,Van,Fog,Medium
SHP0013,Hyderabad,Mumbai,497.2,132.3,19-04-2023,Delhivery,Bike,Fog,Medium
SHP0014,Delhi,Kolkata,561.1,1014.3,13-03-2023,FedEx,Container,Rain,Medium
SHP0015,Bangalore,Kolkata,293.7,1201,05-07-2023,FedEx,Van,Clear,Low
SHP0016,Chennai,Delhi,383.8,561.6,20-03-2023,FedEx,Bike,Clear,Medium
SHP0017,Bangalore,Kolkata,755.5,755,28-09-2023,BlueDart,Truck,Rain,Low
SHP0018,Bangalore,Mumbai,362.3,779.7,25-11-2023,BlueDart,Truck,Clear,Low
SHP0019,Chennai,Kolkata,519,1207,14-09-2023,FedEx,Truck,Fog,Low
SHP0020,Hyderabad,Bangalore,309.9,909.5,08-11-2023,FedEx,Van,Clear,Low
SHP0021,Bangalore,Chennai,402.4,1692.8,03-11-2023,BlueDart,Bike,Clear,High
SHP0022,Mumbai,Delhi,338.1,1418,30-01-2023,FedEx,Truck,Clear,Medium
SHP0023,Chennai,Hyderabad,533,1474.1,06-03-2023,FedEx,Bike,Fog,Low
SHP0024,Bangalore,Hyderabad,317.2,40.3,05-08-2023,FedEx,Van,Rain,Medium
SHP0025,Hyderabad,Mumbai,670.9,1989.1,13-08-2023,Delhivery,Truck,Clear,Low
SHP0026,Chennai,Hyderabad,583.8,1502.3,11-10-2023,FedEx,Van,Clear,Medium
SHP0027,Chennai,Mumbai,424.5,1562.6,04-02-2023,DHL,Container,Clear,Low
SHP0028,Hyderabad,Kolkata,581.2,508,20-04-2023,FedEx,Bike,Clear,Medium
SHP0029,Kolkata,Delhi,475.9,827.2,18-02-2023,DHL,Bike,Clear,Medium
SHP0030,Hyderabad,Chennai,655.6,311.6,11-12-2023,DHL,Truck,Clear,Medium
SHP0031,Chennai,Mumbai,286.6,107,09-04-2023,FedEx,Bike,Clear,Low
SHP0032,Kolkata,Delhi,582.5,1115.8,08-02-2023,Delhivery,Truck,Clear,High
SHP0033,Chennai,Delhi,575.2,1726.1,02-05-2023,FedEx,Bike,Clear,Low
SHP0034,Kolkata,Chennai,643.8,274.7,26-03-2023,Delhivery,Truck,Storm,Low
SHP0035,Kolkata,Mumbai,514.6,1877.3,05-08-2023,Delhivery,Van,Clear,Low
SHP0036,Chennai,Hyderabad,667.3,1400.5,05-10-2023,DHL,Container,Clear,Medium
SHP0037,Bangalore,Hyderabad,705.1,702,22-03-2023,DHL,Truck,Fog,Low
SHP0038,Chennai,Mumbai,590.2,1016.2,26-07-2023,DHL,Van,Clear,Low
SHP0039,Chennai,Bangalore,610.5,143.5,03-12-2023,BlueDart,Container,Clear,Medium
SHP0040,Delhi,Kolkata,550.2,1809.8,22-07-2023,FedEx,Container,Clear,High
SHP0041,Chennai,Delhi,528.2,103.1,23-08-2023,DHL,Truck,Clear,Medium
SHP0042,Delhi,Kolkata,567.9,102.3,05-02-2023,FedEx,Container,Clear,Medium
SHP0043,Bangalore,Mumbai,583.2,996.8,10-11-2023,DHL,Container,Fog,Low
SHP0044,Delhi,Kolkata,626.4,1380.1,01-03-2023,DHL,Van,Clear,Medium
SHP0045,Hyderabad,Mumbai,298.8,590.1,15-04-2023,BlueDart,Bike,Clear,High
SHP0046,Chennai,Delhi,384.2,1875.6,21-11-2023,Delhivery,Container,Clear,Medium
SHP0047,Delhi,Kolkata,418.1,1945.4,24-03-2023,Delhivery,Bike,Clear,Low
SHP0048,Hyderabad,Delhi,424.9,1767.7,07-10-2023,DHL,Container,Clear,Low
SHP0049,Delhi,Chennai,615.6,1802.9,07-06-2023,BlueDart,Truck,Fog,Low
SHP0050,Delhi,Chennai,900.3,327.2,01-07-2023,Delhivery,Van,Fog,Low
SHP0051,Delhi,Mumbai,496,1991.1,31-07-2023,DHL,Van,Rain,Medium
SHP0052,Kolkata,Delhi,735.5,1585.2,17-05-2023,FedEx,Truck,Clear,Low
SHP0053,Kolkata,Delhi,791.7,861.5,13-04-2023,Delhivery,Container,Clear,Medium
SHP0054,Delhi,Mumbai,459.2,945.4,13-01-2023,FedEx,Bike,Clear,High
SHP0055,Mumbai,Kolkata,626.9,531.4,25-11-2023,Delhivery,Container,Fog,Low
SHP0056,Mumbai,Delhi,523.7,1851.1,25-10-2023,BlueDart,Truck,Clear,Medium
SHP0057,Hyderabad,Mumbai,493.1,1805.8,12-08-2023,DHL,Bike,Fog,Low
SHP0058,Chennai,Bangalore,459.6,1662.6,01-01-2023,FedEx,Container,Clear,High
SHP0059,Mumbai,Hyderabad,554.5,926.5,10-06-2023,DHL,Container,Clear,Medium
SHP0060,Mumbai,Bangalore,521,660.5,23-12-2023,BlueDart,Van,Clear,Medium
SHP0061,Kolkata,Delhi,684.2,1918.6,12-11-2023,BlueDart,Bike,Clear,Low
SHP0062,Mumbai,Delhi,498.3,608,09-08-2023,BlueDart,Bike,Clear,Medium
SHP0063,Bangalore,Kolkata,688.5,1123,28-03-2023,DHL,Container,Clear,Medium
SHP0064,Mumbai,Chennai,479.7,1677.9,01-05-2023,BlueDart,Van,Fog,Low
SHP0065,Chennai,Mumbai,557.7,1924.5,01-09-2023,DHL,Bike,Clear,Medium
SHP0066,Delhi,Bangalore,437.9,1047.9,11-09-2023,Delhivery,Van,Clear,Medium
SHP0067,Chennai,Bangalore,315.3,106.3,23-04-2023,FedEx,Bike,Clear,Low
SHP0068,Chennai,Bangalore,454.9,547.9,10-03-2023,Delhivery,Container,Storm,High
SHP0069,Bangalore,Hyderabad,551.7,1947.3,07-08-2023,Delhivery,Van,Rain,Medium
SHP0070,Mumbai,Delhi,286.5,1613.4,23-11-2023,BlueDart,Bike,Rain,Low
SHP0071,Chennai,Kolkata,724.5,1252.9,01-05-2023,BlueDart,Container,Clear,Medium
SHP0072,Delhi,Mumbai,494.4,263.3,29-04-2023,Delhivery,Van,Rain,Low
SHP0073,Kolkata,Mumbai,362.7,1407.8,05-10-2023,Delhivery,Bike,Clear,High
SHP0074,Kolkata,Hyderabad,655.9,1225.1,23-12-2023,DHL,Bike,Clear,High
SHP0075,Mumbai,Bangalore,599.7,1812.9,03-08-2023,FedEx,Bike,Clear,Medium
SHP0076,Chennai,Bangalore,599.5,730.7,22-06-2023,Delhivery,Van,Fog,High
SHP0077,Bangalore,Hyderabad,542.7,22.1,14-01-2023,Delhivery,Truck,Clear,Medium
SHP0078,Kolkata,Delhi,250.3,1557.1,26-01-2023,BlueDart,Bike,Clear,Medium
SHP0079,Mumbai,Bangalore,518.3,563.3,23-05-2023,Delhivery,Container,Fog,Medium
SHP0080,Hyderabad,Bangalore,411.9,1439.2,27-01-2023,BlueDart,Van,Rain,Medium
SHP0081,Hyderabad,Chennai,625.1,217.8,16-01-2023,FedEx,Van,Fog,Medium
SHP0082,Delhi,Mumbai,459.3,353.3,31-08-2023,DHL,Van,Clear,Low
SHP0083,Mumbai,Delhi,775,1330.6,07-11-2023,DHL,Van,Storm,Low
SHP0084,Chennai,Kolkata,150.1,359.7,22-10-2023,Delhivery,Bike,Fog,Low
SHP0085,Bangalore,Delhi,449.5,613.1,22-02-2023,BlueDart,Truck,Rain,Medium
SHP0086,Chennai,Kolkata,367.5,1396.4,30-09-2023,Delhivery,Container,Clear,Medium
SHP0087,Chennai,Bangalore,653,1497.1,08-09-2023,DHL,Bike,Storm,Medium
SHP0088,Kolkata,Delhi,460.9,1655,11-08-2023,FedEx,Container,Rain,High
SHP0089,Kolkata,Bangalore,550.7,1505.4,12-08-2023,BlueDart,Container,Fog,High
SHP0090,Chennai,Kolkata,343.6,773.1,19-08-2023,FedEx,Bike,Clear,Medium
SHP0091,Mumbai,Chennai,289.2,166.8,11-09-2023,BlueDart,Van,Clear,Medium
SHP0092,Mumbai,Kolkata,425.7,284.8,24-05-2023,BlueDart,Truck,Clear,Low
SHP0093,Delhi,Bangalore,574.3,925.7,08-09-2023,FedEx,Bike,Rain,Medium
SHP0094,Chennai,Delhi,892.5,1417,31-05-2023,FedEx,Bike,Rain,Medium
SHP0095,Bangalore,Mumbai,497.9,392.9,31-08-2023,BlueDart,Bike,Storm,Medium
SHP0096,Mumbai,Bangalore,730.3,1071.7,19-05-2023,BlueDart,Container,Clear,Medium
SHP0097,Mumbai,Chennai,740.2,1864.1,02-10-2023,FedEx,Van,Clear,Medium
SHP0098,Hyderabad,Bangalore,311.1,1338.9,26-09-2023,BlueDart,Truck,Fog,Low
SHP0099,Mumbai,Delhi,185.8,1063,04-06-2023,DHL,Van,Clear,High
SHP0100,Bangalore,Mumbai,583.6,453.8,24-12-2023,FedEx,Bike,Clear,Low
SHP0101,Mumbai,Bangalore,554.6,1731.6,03-09-2023,Delhivery,Container,Clear,Low
SHP0102,Kolkata,Chennai,551.5,1053.4,03-02-2023,Delhivery,Bike,Clear,Medium
SHP0103,Chennai,Mumbai,527.2,125.6,18-03-2023,BlueDart,Truck,Storm,Low
SHP0104,Kolkata,Hyderabad,655.4,808.7,02-11-2023,FedEx,Bike,Clear,Medium
SHP0105,Bangalore,Kolkata,579.5,1579.6,06-06-2023,DHL,Truck,Fog,Low
SHP0106,Delhi,Kolkata,505.2,1797.5,05-12-2023,DHL,Van,Clear,Medium
SHP0107,Delhi,Chennai,494,363.6,29-07-2023,Delhivery,Bike,Clear,Low
SHP0108,Hyderabad,Mumbai,292.1,1776.5,26-12-2023,Delhivery,Truck,Rain,High
SHP0109,Hyderabad,Bangalore,831.5,1985.5,05-12-2023,FedEx,Bike,Clear,Low
SHP0110,Delhi,Kolkata,564.3,489.1,14-03-2023,DHL,Truck,Clear,Medium
SHP0111,Hyderabad,Bangalore,520.3,746.8,28-05-2023,Delhivery,Truck,Clear,Medium
SHP0112,Kolkata,Mumbai,432.9,1673,14-09-2023,Delhivery,Bike,Clear,Low
SHP0113,Kolkata,Mumbai,556.2,129.3,06-11-2023,BlueDart,Truck,Clear,High
SHP0114,Bangalore,Hyderabad,709.6,686.1,11-01-2023,BlueDart,Truck,Rain,Low
SHP0115,Bangalore,Kolkata,437.4,1237.6,23-05-2023,FedEx,Bike,Rain,Medium
SHP0116,Chennai,Bangalore,548.5,778.7,28-06-2023,Delhivery,Container,Clear,Low
SHP0117,Delhi,Kolkata,644.2,346.9,30-07-2023,Delhivery,Container,Rain,Medium
SHP0118,Bangalore,Chennai,637.3,400.9,21-08-2023,DHL,Container,Clear,Low
SHP0119,Kolkata,Hyderabad,630.4,599.2,01-01-2023,Delhivery,Bike,Clear,Medium
SHP0120,Bangalore,Kolkata,675,303.7,17-11-2023,Delhivery,Truck,Clear,Medium
SHP0121,Mumbai,Bangalore,336,1021.1,24-12-2023,Delhivery,Truck,Clear,Medium
SHP0122,Delhi,Mumbai,321,211.2,09-06-2023,DHL,Bike,Clear,High
SHP0123,Chennai,Bangalore,728.1,941.3,02-03-2023,FedEx,Bike,Fog,Low
SHP0124,Hyderabad,Mumbai,696.1,1243.6,01-08-2023,Delhivery,Bike,Clear,Medium
SHP0125,Kolkata,Delhi,280.6,1529.4,03-11-2023,FedEx,Truck,Clear,Medium
SHP0126,Kolkata,Mumbai,380.3,1903.3,17-09-2023,BlueDart,Truck,Clear,Low
SHP0127,Bangalore,Hyderabad,558.6,912,04-12-2023,Delhivery,Van,Clear,Medium
SHP0128,Mumbai,Hyderabad,271.3,866,06-10-2023,Delhivery,Bike,Fog,High
SHP0129,Hyderabad,Delhi,429.8,1408.3,20-10-2023,Delhivery,Van,Fog,Medium
SHP0130,Mumbai,Bangalore,617,1647.5,28-12-2023,Delhivery,Bike,Storm,Medium
SHP0131,Hyderabad,Delhi,411.3,1715.5,11-09-2023,DHL,Van,Clear,Medium
SHP0132,Chennai,Bangalore,767.7,1293.3,21-02-2023,Delhivery,Truck,Rain,Medium
SHP0133,Hyderabad,Delhi,376.3,1696.2,08-02-2023,Delhivery,Container,Clear,Medium
SHP0134,Hyderabad,Chennai,592.2,1886.2,18-06-2023,Delhivery,Container,Rain,High
SHP0135,Kolkata,Hyderabad,445.7,365.7,19-01-2023,DHL,Van,Rain,High
SHP0136,Delhi,Chennai,573.7,1341.5,11-08-2023,DHL,Truck,Clear,Medium
SHP0137,Chennai,Delhi,421,1021.1,16-06-2023,DHL,Container,Clear,Medium
SHP0138,Delhi,Hyderabad,544.4,945.7,30-07-2023,FedEx,Van,Clear,Medium
SHP0139,Kolkata,Hyderabad,537.6,1441.1,16-12-2023,FedEx,Bike,Fog,Low
SHP0140,Kolkata,Mumbai,407.5,904.6,24-08-2023,BlueDart,Truck,Fog,Medium
SHP0141,Mumbai,Hyderabad,496.6,891.8,22-03-2023,DHL,Bike,Fog,High
SHP0142,Mumbai,Bangalore,507.7,845.3,20-12-2023,BlueDart,Bike,Fog,Low
SHP0143,Kolkata,Bangalore,643.1,1876.2,24-02-2023,FedEx,Bike,Clear,Medium
SHP0144,Hyderabad,Mumbai,603,1010.6,12-01-2023,Delhivery,Container,Clear,High
SHP0145,Hyderabad,Chennai,645.9,141.9,07-11-2023,Delhivery,Container,Rain,Low
SHP0146,Mumbai,Delhi,453.5,863.6,22-11-2023,FedEx,Container,Rain,Medium
SHP0147,Hyderabad,Delhi,238.5,860.9,18-11-2023,DHL,Truck,Clear,Medium
SHP0148,Bangalore,Mumbai,551.9,435.2,09-03-2023,DHL,Container,Clear,Medium
SHP0149,Delhi,Mumbai,361.2,1116.4,04-10-2023,BlueDart,Container,Fog,Low
SHP0150,Kolkata,Mumbai,562.1,1407,23-06-2023,DHL,Bike,Storm,Low
SHP0151,Delhi,Bangalore,352.7,774.9,13-10-2023,BlueDart,Truck,Rain,Low
SHP0152,Bangalore,Chennai,284.9,784.9,21-08-2023,BlueDart,Container,Clear,High
SHP0153,Mumbai,Chennai,662,302.5,12-12-2023,FedEx,Bike,Clear,High
SHP0154,Bangalore,Mumbai,517.1,614,09-11-2023,FedEx,Truck,Rain,Medium
SHP0155,Hyderabad,Mumbai,709.4,373.4,29-11-2023,Delhivery,Truck,Clear,High
SHP0156,Mumbai,Bangalore,512.6,1525.5,01-03-2023,DHL,Van,Fog,Low
SHP0157,Kolkata,Mumbai,397.7,1445.9,10-12-2023,Delhivery,Van,Fog,Medium
SHP0158,Kolkata,Hyderabad,397.7,1911.3,28-07-2023,BlueDart,Truck,Rain,Low
SHP0159,Kolkata,Delhi,466.5,728.5,05-07-2023,DHL,Container,Clear,High
SHP0160,Mumbai,Chennai,667.2,1265.7,23-07-2023,BlueDart,Van,Storm,High
SHP0161,Kolkata,Chennai,230.6,1835,06-12-2023,FedEx,Truck,Clear,Medium
SHP0162,Delhi,Hyderabad,707.4,479.4,16-04-2023,DHL,Van,Clear,High
SHP0163,Delhi,Kolkata,412.2,566.8,17-03-2023,DHL,Container,Fog,Low
SHP0164,Delhi,Hyderabad,517.6,1641.7,09-05-2023,FedEx,Truck,Rain,Low
SHP0165,Chennai,Kolkata,524,1021.8,02-05-2023,BlueDart,Truck,Clear,Low
SHP0166,Hyderabad,Kolkata,653.7,429.9,27-09-2023,DHL,Truck,Clear,Medium
SHP0167,Bangalore,Hyderabad,513.2,1082.5,25-02-2023,Delhivery,Van,Fog,Low
SHP0168,Hyderabad,Bangalore,261.1,408.8,04-06-2023,Delhivery,Truck,Clear,Medium
SHP0169,Kolkata,Bangalore,531.1,223.1,18-12-2023,DHL,Bike,Rain,Medium
SHP0170,Chennai,Kolkata,570.1,403.7,08-11-2023,FedEx,Truck,Clear,Medium
SHP0171,Bangalore,Hyderabad,378.3,1741,31-12-2023,BlueDart,Bike,Storm,Medium
SHP0172,Kolkata,Hyderabad,238.1,932.3,06-11-2023,Delhivery,Truck,Rain,Low
SHP0173,Hyderabad,Bangalore,383.5,931.1,21-04-2023,Delhivery,Bike,Fog,Medium
SHP0174,Kolkata,Bangalore,233.2,738.8,01-08-2023,DHL,Container,Clear,Medium
SHP0175,Mumbai,Delhi,586.6,336.8,18-12-2023,Delhivery,Truck,Clear,Low
SHP0176,Kolkata,Chennai,436.2,349.6,10-07-2023,FedEx,Truck,Clear,Medium
SHP0177,Mumbai,Chennai,645.5,1449.6,30-07-2023,BlueDart,Bike,Fog,Medium
SHP0178,Mumbai,Hyderabad,672.3,1615,09-06-2023,BlueDart,Truck,Clear,Low
SHP0179,Hyderabad,Kolkata,681.6,481.5,25-04-2023,DHL,Container,Fog,Medium
SHP0180,Mumbai,Hyderabad,469.4,122.4,26-04-2023,Delhivery,Truck,Rain,Medium
SHP0181,Hyderabad,Mumbai,290.7,871.6,15-01-2023,FedEx,Container,Rain,Medium
SHP0182,Mumbai,Kolkata,357.6,1905.3,04-01-2023,FedEx,Van,Clear,Medium
SHP0183,Delhi,Chennai,508.3,929.6,16-02-2023,FedEx,Bike,Clear,Medium
SHP0184,Mumbai,Kolkata,279.6,870.4,16-06-2023,DHL,Truck,Clear,Medium
SHP0185,Chennai,Delhi,672.2,418.2,20-05-2023,Delhivery,Bike,Clear,Medium
SHP0186,Mumbai,Delhi,342.3,1108.7,20-09-2023,DHL,Container,Clear,Low
SHP0187,Hyderabad,Bangalore,357,900.8,07-09-2023,BlueDart,Truck,Clear,High
SHP0188,Chennai,Delhi,465.2,1329.2,15-04-2023,BlueDart,Van,Rain,Medium
SHP0189,Mumbai,Kolkata,323.8,199.6,03-03-2023,DHL,Bike,Rain,Low
SHP0190,Kolkata,Hyderabad,569.9,1161.3,27-12-2023,FedEx,Container,Clear,High
SHP0191,Chennai,Bangalore,359.9,375.3,10-01-2023,Delhivery,Truck,Fog,Medium
SHP0192,Bangalore,Kolkata,638.3,438.5,30-12-2023,Delhivery,Container,Clear,Low
SHP0193,Mumbai,Delhi,302.4,1303.8,13-11-2023,Delhivery,Container,Clear,High
SHP0194,Delhi,Bangalore,644.2,515.1,29-10-2023,Delhivery,Truck,Clear,Medium
SHP0195,Mumbai,Delhi,325.4,955,20-06-2023,FedEx,Truck,Clear,Low
SHP0196,Bangalore,Delhi,39.6,1853.6,28-06-2023,BlueDart,Van,Clear,Low
SHP0197,Delhi,Mumbai,638,801.8,05-11-2023,FedEx,Truck,Clear,Medium
SHP0198,Kolkata,Bangalore,429.8,1831,16-10-2023,Delhivery,Container,Fog,Medium
SHP0199,Delhi,Bangalore,614.6,1381.2,04-02-2023,Delhivery,Bike,Rain,Medium
SHP0200,Bangalore,Chennai,452.3,1983.4,30-06-2023,DHL,Container,Clear,Low
SHP0201,Mumbai,Kolkata,529.3,231.2,09-02-2023,DHL,Bike,Clear,Medium
SHP0202,Hyderabad,Chennai,601,1741.8,19-08-2023,FedEx,Container,Rain,Medium
SHP0203,Chennai,Bangalore,437.3,1840.5,22-02-2023,BlueDart,Truck,Clear,Low
SHP0204,Delhi,Bangalore,534.7,1236.5,13-08-2023,FedEx,Container,Clear,Low
SHP0205,Kolkata,Mumbai,321.9,1831.7,14-12-2023,DHL,Container,Clear,Low
SHP0206,Hyderabad,Kolkata,242.1,1410.2,26-05-2023,BlueDart,Van,Clear,Medium
SHP0207,Delhi,Kolkata,784.6,192.9,08-06-2023,Delhivery,Van,Clear,High
SHP0208,Mumbai,Hyderabad,551.2,971,12-07-2023,BlueDart,Van,Rain,High
SHP0209,Hyderabad,Bangalore,371.3,1271.2,17-02-2023,Delhivery,Container,Clear,Medium
SHP0210,Delhi,Kolkata,473.5,1065.2,06-09-2023,FedEx,Van,Storm,Low
SHP0211,Mumbai,Chennai,522.9,298.4,17-09-2023,DHL,Container,Fog,Medium
SHP0212,Bangalore,Kolkata,640.5,1460.5,20-03-2023,FedEx,Van,Fog,Medium
SHP0213,Delhi,Bangalore,315.5,1429.6,23-01-2023,Delhivery,Container,Rain,Low
SHP0214,Kolkata,Hyderabad,518.3,1844.2,26-05-2023,Delhivery,Van,Clear,Medium
SHP0215,Kolkata,Delhi,383.2,1746.7,08-07-2023,Delhivery,Bike,Rain,Medium
SHP0216,Bangalore,Hyderabad,289.2,1180.3,03-08-2023,FedEx,Van,Fog,Low
SHP0217,Mumbai,Chennai,507.4,1449.1,25-11-2023,Delhivery,Container,Clear,Low
SHP0218,Bangalore,Chennai,353.1,241.8,26-05-2023,DHL,Van,Clear,High
SHP0219,Delhi,Bangalore,511,498.7,16-02-2023,FedEx,Bike,Fog,High
SHP0220,Kolkata,Chennai,395.6,353.4,22-07-2023,BlueDart,Van,Clear,Low
SHP0221,Delhi,Chennai,498.5,1081.8,13-06-2023,DHL,Container,Rain,Low
SHP0222,Mumbai,Bangalore,579.3,1574.5,23-12-2023,FedEx,Bike,Clear,Low
SHP0223,Chennai,Delhi,436.1,1110,12-05-2023,FedEx,Van,Clear,Medium
SHP0224,Bangalore,Kolkata,838.7,614.1,26-02-2023,BlueDart,Van,Clear,Low
SHP0225,Kolkata,Hyderabad,564,124.7,23-08-2023,DHL,Truck,Fog,Medium
SHP0226,Bangalore,Chennai,488.6,1868.9,20-11-2023,FedEx,Van,Clear,Low
SHP0227,Mumbai,Delhi,607.8,1834.4,20-10-2023,Delhivery,Van,Rain,Low
SHP0228,Mumbai,Chennai,366.7,1949,27-09-2023,DHL,Bike,Fog,Low
SHP0229,Kolkata,Mumbai,497.1,1044.1,10-05-2023,DHL,Container,Rain,Medium
SHP0230,Hyderabad,Chennai,427.5,823.1,25-10-2023,BlueDart,Van,Clear,Medium
SHP0231,Hyderabad,Delhi,892.7,1025.9,17-12-2023,Delhivery,Bike,Rain,High
SHP0232,Chennai,Bangalore,88.1,90,19-01-2023,BlueDart,Van,Clear,Low
SHP0233,Chennai,Kolkata,476.4,394.1,08-06-2023,Delhivery,Bike,Clear,Medium
SHP0234,Delhi,Kolkata,468.2,401.5,02-07-2023,DHL,Container,Clear,Medium
SHP0235,Kolkata,Bangalore,594.8,1602.2,14-08-2023,Delhivery,Container,Storm,Medium
SHP0236,Kolkata,Mumbai,416.4,1249.8,23-09-2023,BlueDart,Truck,Rain,Low
SHP0237,Bangalore,Delhi,485.2,1564.9,07-10-2023,BlueDart,Container,Clear,Medium
SHP0238,Mumbai,Kolkata,539,1755.5,17-08-2023,Delhivery,Van,Rain,Medium
SHP0239,Chennai,Kolkata,539.3,1787.9,11-11-2023,Delhivery,Container,Rain,Medium
SHP0240,Chennai,Delhi,745.1,825.3,10-12-2023,Delhivery,Container,Clear,Medium
SHP0241,Delhi,Chennai,606.9,1789.1,15-03-2023,Delhivery,Truck,Clear,Low
SHP0242,Hyderabad,Mumbai,677.9,1342.6,05-07-2023,Delhivery,Truck,Rain,Medium
SHP0243,Mumbai,Kolkata,516.2,1609.3,16-08-2023,DHL,Van,Clear,Medium
SHP0244,Hyderabad,Mumbai,531,1618.9,08-05-2023,DHL,Truck,Rain,Medium
SHP0245,Kolkata,Hyderabad,518.1,503.5,02-03-2023,BlueDart,Container,Rain,Low
SHP0246,Bangalore,Mumbai,634.6,979.7,22-12-2023,Delhivery,Van,Clear,High
SHP0247,Kolkata,Delhi,672,1698.3,01-01-2024,Delhivery,Truck,Fog,High
SHP0248,Mumbai,Kolkata,527.2,1896,30-12-2023,DHL,Container,Fog,High
SHP0249,Hyderabad,Delhi,280.9,436.6,05-07-2023,FedEx,Truck,Storm,Medium
SHP0250,Delhi,Bangalore,441.6,592.9,14-01-2023,BlueDart,Container,Clear,High
SHP0251,Delhi,Hyderabad,514.7,872.6,14-02-2023,DHL,Container,Clear,Medium
SHP0252,Kolkata,Hyderabad,451.5,596.7,30-07-2023,Delhivery,Truck,Clear,Medium
SHP0253,Chennai,Bangalore,594,1299.8,27-08-2023,BlueDart,Van,Fog,Medium
SHP0254,Hyderabad,Bangalore,324.6,607.3,04-04-2023,FedEx,Bike,Clear,High
SHP0255,Chennai,Hyderabad,185.5,964.6,20-03-2023,BlueDart,Van,Clear,High
SHP0256,Delhi,Kolkata,540.6,1684,23-09-2023,BlueDart,Truck,Clear,Medium
SHP0257,Bangalore,Mumbai,425.8,1817.7,06-03-2023,BlueDart,Truck,Clear,Low
SHP0258,Bangalore,Delhi,538.7,774.2,29-03-2023,BlueDart,Truck,Fog,Low
SHP0259,Chennai,Hyderabad,398.4,1099.4,16-05-2023,FedEx,Bike,Rain,Low
SHP0260,Hyderabad,Bangalore,493,889.7,29-05-2023,BlueDart,Bike,Clear,High
SHP0261,Kolkata,Mumbai,547.9,670.7,21-08-2023,DHL,Truck,Clear,Medium
SHP0262,Kolkata,Delhi,508.7,132.6,24-06-2023,FedEx,Container,Fog,Medium
SHP0263,Mumbai,Bangalore,403.4,1468.2,08-03-2023,BlueDart,Truck,Clear,Medium
SHP0264,Mumbai,Bangalore,462.9,404.5,07-05-2023,FedEx,Truck,Clear,High
SHP0265,Bangalore,Kolkata,605.7,729.8,08-05-2023,FedEx,Container,Fog,Medium
SHP0266,Delhi,Mumbai,104.7,16.2,13-09-2023,Delhivery,Bike,Fog,Medium
SHP0267,Chennai,Bangalore,578,84.5,16-09-2023,Delhivery,Van,Clear,Medium
SHP0268,Chennai,Kolkata,550.3,1884.8,11-09-2023,Delhivery,Container,Clear,High
SHP0269,Kolkata,Delhi,296.6,376.6,16-05-2023,BlueDart,Bike,Clear,Medium
SHP0270,Bangalore,Hyderabad,522.7,689.9,10-04-2023,BlueDart,Container,Clear,Medium
SHP0271,Bangalore,Mumbai,561.4,1329.8,16-11-2023,DHL,Van,Storm,Medium
SHP0272,Mumbai,Hyderabad,674.6,152.9,07-07-2023,FedEx,Van,Rain,Medium
SHP0273,Chennai,Delhi,583.6,273.4,20-01-2023,FedEx,Container,Fog,Medium
SHP0274,Delhi,Hyderabad,512.4,1160.6,21-09-2023,FedEx,Container,Fog,Medium
SHP0275,Kolkata,Hyderabad,580.3,965.6,03-06-2023,BlueDart,Bike,Rain,Low
SHP0276,Chennai,Kolkata,430.3,1767.4,19-06-2023,DHL,Bike,Clear,Medium
SHP0277,Hyderabad,Chennai,685.2,1676.9,02-11-2023,Delhivery,Container,Storm,Medium
SHP0278,Bangalore,Hyderabad,632.6,1231.8,27-04-2023,DHL,Bike,Clear,Medium
SHP0279,Bangalore,Kolkata,626.8,1962,17-03-2023,FedEx,Truck,Clear,Medium
SHP0280,Delhi,Chennai,449.6,1579.7,14-08-2023,BlueDart,Bike,Clear,Medium
SHP0281,Kolkata,Hyderabad,595.7,1959.5,10-11-2023,Delhivery,Truck,Rain,Medium
SHP0282,Bangalore,Mumbai,507.7,798,06-12-2023,Delhivery,Bike,Clear,Low
SHP0283,Bangalore,Mumbai,501.4,652.1,07-10-2023,BlueDart,Container,Rain,Low
SHP0284,Delhi,Kolkata,440.9,163.1,13-10-2023,BlueDart,Van,Fog,High
SHP0285,Mumbai,Delhi,326.6,1979.7,20-12-2023,Delhivery,Container,Clear,Medium
SHP0286,Hyderabad,Mumbai,206.8,1755.7,28-05-2023,DHL,Bike,Fog,Medium
SHP0287,Mumbai,Delhi,555.7,1541.5,29-05-2023,DHL,Container,Storm,Low
SHP0288,Kolkata,Mumbai,555.5,95.4,03-09-2023,FedEx,Van,Fog,Low
SHP0289,Bangalore,Mumbai,542,934.6,12-03-2023,DHL,Van,Clear,Medium
SHP0290,Bangalore,Delhi,463.3,1181.9,23-11-2023,FedEx,Truck,Clear,Medium
SHP0291,Kolkata,Chennai,333.9,803.1,15-12-2023,FedEx,Truck,Storm,High
SHP0292,Delhi,Bangalore,458.9,12.7,01-12-2023,Delhivery,Bike,Rain,Medium
SHP0293,Mumbai,Kolkata,546.8,497.9,27-05-2023,DHL,Truck,Rain,Low
SHP0294,Hyderabad,Chennai,595.2,1620.1,31-03-2023,Delhivery,Van,Fog,Low
SHP0295,Kolkata,Bangalore,607.4,701.6,06-04-2023,BlueDart,Truck,Clear,Medium
SHP0296,Chennai,Kolkata,605.3,974,26-05-2023,Delhivery,Bike,Fog,Low
SHP0297,Bangalore,Kolkata,702.6,709.9,20-05-2023,FedEx,Truck,Clear,Medium
SHP0298,Hyderabad,Mumbai,517.2,1346.9,06-04-2023,DHL,Container,Rain,Medium
SHP0299,Delhi,Mumbai,477.4,1522.3,09-11-2023,Delhivery,Bike,Clear,Low
SHP0300,Hyderabad,Chennai,578.7,1943.2,05-04-2023,FedEx,Bike,Clear,Low
SHP0301,Mumbai,Bangalore,438.9,1007,01-05-2023,Delhivery,Container,Storm,Medium
SHP0302,Hyderabad,Bangalore,583.2,1461.5,06-01-2023,BlueDart,Container,Rain,Low
SHP0303,Chennai,Bangalore,408.3,723.5,07-06-2023,FedEx,Bike,Rain,High
SHP0304,Hyderabad,Mumbai,382.7,589.1,20-12-2023,DHL,Container,Clear,Low
SHP0305,Delhi,Bangalore,332.7,1586.1,20-03-2023,Delhivery,Container,Clear,Medium
SHP0306,Kolkata,Hyderabad,733.2,1388.7,07-12-2023,FedEx,Van,Rain,Medium
SHP0307,Chennai,Hyderabad,451.8,1026.7,17-08-2023,BlueDart,Truck,Fog,Low
SHP0308,Bangalore,Hyderabad,721.9,1303.7,14-04-2023,FedEx,Van,Clear,Medium
SHP0309,Chennai,Mumbai,554.7,1666.1,26-10-2023,Delhivery,Truck,Fog,Medium
SHP0310,Chennai,Bangalore,209,823.5,09-03-2023,Delhivery,Bike,Clear,Medium
SHP0311,Hyderabad,Mumbai,583,415.5,12-01-2023,Delhivery,Container,Fog,Medium
SHP0312,Bangalore,Chennai,942.7,1920.2,24-01-2023,Delhivery,Container,Rain,Medium
SHP0313,Chennai,Delhi,456.3,1691,30-08-2023,DHL,Container,Clear,Medium
SHP0314,Hyderabad,Kolkata,641,604.1,11-07-2023,Delhivery,Bike,Fog,High
SHP0315,Kolkata,Chennai,377.5,106.7,16-12-2023,FedEx,Container,Clear,High
SHP0316,Kolkata,Hyderabad,765.3,1974.4,07-03-2023,FedEx,Truck,Rain,High
SHP0317,Kolkata,Hyderabad,571.7,826.5,06-08-2023,Delhivery,Van,Clear,Medium
SHP0318,Mumbai,Delhi,731.8,939.1,27-02-2023,DHL,Bike,Rain,High
SHP0319,Chennai,Mumbai,713.2,1702.7,16-04-2023,DHL,Truck,Clear,Medium
SHP0320,Hyderabad,Chennai,451.2,1205.8,06-05-2023,DHL,Bike,Clear,Medium
SHP0321,Chennai,Mumbai,276.8,228.7,15-09-2023,BlueDart,Van,Fog,Medium
SHP0322,Mumbai,Hyderabad,334.4,946.2,03-11-2023,BlueDart,Van,Clear,Low
SHP0323,Hyderabad,Bangalore,416.7,1816.3,24-04-2023,Delhivery,Container,Clear,Medium
SHP0324,Bangalore,Delhi,369.4,734.7,17-11-2023,Delhivery,Bike,Clear,Medium
SHP0325,Hyderabad,Kolkata,684.1,1470.1,26-09-2023,BlueDart,Bike,Clear,Low
SHP0326,Delhi,Hyderabad,693.6,1491.8,31-08-2023,FedEx,Van,Clear,Medium
SHP0327,Kolkata,Chennai,365.8,202.5,15-10-2023,Delhivery,Bike,Clear,Low
SHP0328,Delhi,Kolkata,739.4,1392.4,15-04-2023,BlueDart,Truck,Fog,High
SHP0329,Chennai,Hyderabad,480.8,880.5,08-04-2023,DHL,Container,Clear,Medium
SHP0330,Chennai,Delhi,521.3,465.1,07-04-2023,FedEx,Bike,Clear,High
SHP0331,Mumbai,Chennai,326.4,844.7,19-04-2023,FedEx,Truck,Rain,Medium
SHP0332,Delhi,Hyderabad,316.3,1706.1,27-12-2023,FedEx,Bike,Fog,Medium
SHP0333,Mumbai,Bangalore,406,352.3,27-08-2023,BlueDart,Container,Clear,Medium
SHP0334,Kolkata,Bangalore,384.3,1924.7,20-02-2023,Delhivery,Container,Fog,Medium
SHP0335,Kolkata,Chennai,421.1,1590.9,16-10-2023,FedEx,Van,Clear,Medium
SHP0336,Bangalore,Hyderabad,504.4,1860.5,02-08-2023,BlueDart,Van,Clear,Low
SHP0337,Bangalore,Delhi,333,72.2,13-09-2023,BlueDart,Container,Rain,Medium
SHP0338,Hyderabad,Kolkata,337.3,623.8,24-08-2023,FedEx,Container,Clear,Medium
SHP0339,Kolkata,Delhi,600.8,1982.5,05-10-2023,DHL,Truck,Fog,Low
SHP0340,Hyderabad,Chennai,612,807.8,04-01-2023,Delhivery,Van,Fog,Low
SHP0341,Hyderabad,Delhi,364.1,991.1,05-01-2023,FedEx,Bike,Clear,Medium
SHP0342,Hyderabad,Bangalore,712.6,38.4,05-09-2023,Delhivery,Truck,Clear,Medium
SHP0343,Chennai,Delhi,580.1,1623.5,29-09-2023,BlueDart,Container,Clear,High
SHP0344,Hyderabad,Kolkata,494.6,784.2,02-04-2023,DHL,Truck,Clear,Low
SHP0345,Bangalore,Hyderabad,489.2,1700.2,10-05-2023,BlueDart,Container,Rain,Low
SHP0346,Kolkata,Bangalore,325.9,1637,17-10-2023,FedEx,Van,Clear,High
SHP0347,Chennai,Delhi,437.8,1168.3,17-02-2023,Delhivery,Bike,Clear,Medium
SHP0348,Hyderabad,Chennai,679.3,814.1,26-12-2023,FedEx,Truck,Clear,Medium
SHP0349,Mumbai,Hyderabad,621.2,1180.6,18-02-2023,DHL,Van,Clear,High
SHP0350,Bangalore,Kolkata,602.7,1590.5,19-05-2023,DHL,Truck,Rain,Low
SHP0351,Bangalore,Hyderabad,404.3,1451.2,03-12-2023,DHL,Van,Fog,Medium
SHP0352,Delhi,Hyderabad,558.9,408.7,15-03-2023,Delhivery,Truck,Clear,Medium
SHP0353,Bangalore,Kolkata,654.6,12.3,13-12-2023,BlueDart,Bike,Rain,Low
SHP0354,Hyderabad,Chennai,836.9,594.8,14-09-2023,BlueDart,Truck,Clear,Low
SHP0355,Chennai,Kolkata,771.2,1843.8,06-11-2023,Delhivery,Container,Clear,Low
SHP0356,Kolkata,Bangalore,567,760,27-04-2023,BlueDart,Bike,Clear,Medium
SHP0357,Hyderabad,Kolkata,437.8,920.3,13-02-2023,BlueDart,Van,Rain,Low
SHP0358,Delhi,Bangalore,470,683.7,31-12-2023,FedEx,Bike,Clear,Low
SHP0359,Chennai,Kolkata,560,1900.3,16-08-2023,BlueDart,Container,Clear,Low
SHP0360,Kolkata,Bangalore,432.8,1335.8,13-10-2023,Delhivery,Truck,Clear,Medium
SHP0361,Chennai,Hyderabad,548.2,130,03-11-2023,BlueDart,Bike,Clear,Medium
SHP0362,Chennai,Hyderabad,487.6,1928.9,05-05-2023,FedEx,Bike,Clear,Low
SHP0363,Mumbai,Bangalore,369.4,1316.8,16-03-2023,DHL,Van,Clear,Medium
SHP0364,Kolkata,Chennai,664.3,1765.3,04-07-2023,BlueDart,Van,Rain,Medium
SHP0365,Bangalore,Delhi,504,941.3,23-08-2023,DHL,Van,Clear,High
SHP0366,Mumbai,Hyderabad,416.3,815.6,14-07-2023,BlueDart,Bike,Clear,High
SHP0367,Hyderabad,Bangalore,458.9,1587.1,11-03-2023,BlueDart,Container,Rain,Medium
SHP0368,Kolkata,Mumbai,499.2,734.7,01-04-2023,Delhivery,Container,Clear,Medium
SHP0369,Kolkata,Hyderabad,172.1,532.6,05-05-2023,BlueDart,Bike,Clear,Medium
SHP0370,Mumbai,Chennai,436.2,86.7,16-10-2023,FedEx,Van,Rain,Medium
SHP0371,Hyderabad,Kolkata,590.5,1234.5,29-12-2023,FedEx,Bike,Rain,High
SHP0372,Chennai,Bangalore,503.5,1855.2,11-12-2023,Delhivery,Van,Rain,Low
SHP0373,Hyderabad,Delhi,272,974,05-08-2023,Delhivery,Truck,Clear,Medium
SHP0374,Bangalore,Kolkata,363.3,627.5,01-10-2023,Delhivery,Truck,Rain,Medium
SHP0375,Bangalore,Hyderabad,409.7,1753.1,23-11-2023,DHL,Truck,Rain,Medium
SHP0376,Mumbai,Delhi,301.3,565.8,28-11-2023,DHL,Bike,Storm,Medium
SHP0377,Kolkata,Chennai,657,676.6,06-01-2023,DHL,Container,Clear,Medium
SHP0378,Bangalore,Hyderabad,324.6,575.4,19-12-2023,FedEx,Bike,Clear,Medium
SHP0379,Hyderabad,Bangalore,619.5,1610.5,20-12-2023,FedEx,Container,Storm,Medium
SHP0380,Mumbai,Bangalore,552.4,466.4,13-02-2023,DHL,Van,Clear,Medium
SHP0381,Delhi,Hyderabad,814.2,1555.7,05-09-2023,BlueDart,Bike,Clear,Medium
SHP0382,Kolkata,Mumbai,498.4,577.6,04-02-2023,BlueDart,Truck,Fog,Low
SHP0383,Mumbai,Chennai,388.8,1205.4,13-12-2023,FedEx,Van,Clear,Medium
SHP0384,Mumbai,Hyderabad,512.3,1834.1,07-08-2023,Delhivery,Van,Rain,Medium
SHP0385,Delhi,Bangalore,307.8,243,22-07-2023,DHL,Van,Clear,Medium
SHP0386,Chennai,Mumbai,415.1,1582.9,16-04-2023,BlueDart,Truck,Clear,Medium
SHP0387,Bangalore,Delhi,387.3,468.5,07-07-2023,BlueDart,Van,Clear,Low
SHP0388,Kolkata,Hyderabad,467.6,831.4,24-11-2023,BlueDart,Bike,Rain,Medium
SHP0389,Mumbai,Kolkata,509.6,1646.6,23-08-2023,FedEx,Container,Fog,Medium
SHP0390,Hyderabad,Delhi,441,579.8,10-06-2023,DHL,Van,Clear,Low
SHP0391,Hyderabad,Delhi,159.8,1115.4,19-09-2023,Delhivery,Bike,Clear,Medium
SHP0392,Kolkata,Delhi,664.4,50.7,07-09-2023,FedEx,Van,Clear,Low
SHP0393,Mumbai,Bangalore,587.1,1758,14-11-2023,DHL,Container,Storm,Medium
SHP0394,Delhi,Bangalore,274.4,1368.6,15-10-2023,Delhivery,Bike,Rain,Medium
SHP0395,Kolkata,Bangalore,388.1,1335,27-03-2023,DHL,Truck,Rain,Low
SHP0396,Chennai,Kolkata,314.6,1240.9,26-04-2023,BlueDart,Van,Rain,Medium
SHP0397,Kolkata,Hyderabad,364.8,938.7,19-09-2023,DHL,Truck,Clear,Medium
SHP0398,Mumbai,Hyderabad,574.4,310.9,22-01-2023,Delhivery,Van,Storm,Low
SHP0399,Hyderabad,Delhi,275.7,890.3,02-06-2023,DHL,Bike,Clear,High
SHP0400,Chennai,Bangalore,261.5,1600.1,02-03-2023,FedEx,Van,Fog,Medium
SHP0401,Mumbai,Hyderabad,535.6,900.5,20-11-2023,Delhivery,Van,Rain,Medium
SHP0402,Delhi,Chennai,345.5,894.5,19-10-2023,BlueDart,Container,Clear,Low
SHP0403,Hyderabad,Mumbai,633.6,1248.1,29-05-2023,BlueDart,Truck,Clear,Medium
SHP0404,Kolkata,Chennai,482.4,1218.7,22-05-2023,FedEx,Van,Clear,Medium
SHP0405,Delhi,Bangalore,197.5,903.7,08-09-2023,FedEx,Container,Rain,Medium
SHP0406,Chennai,Delhi,626.5,1705.1,26-07-2023,BlueDart,Container,Clear,Medium
SHP0407,Bangalore,Chennai,315,164.2,17-02-2023,Delhivery,Container,Fog,Medium
SHP0408,Kolkata,Delhi,381.7,1945,08-08-2023,FedEx,Bike,Clear,High
SHP0409,Mumbai,Hyderabad,168.4,152.7,23-10-2023,FedEx,Bike,Rain,High
SHP0410,Chennai,Delhi,560.1,1408.2,20-02-2023,Delhivery,Truck,Clear,High
SHP0411,Kolkata,Bangalore,602.3,456.1,01-01-2023,Delhivery,Van,Storm,High
SHP0412,Hyderabad,Mumbai,671.1,1157.7,23-03-2023,BlueDart,Truck,Rain,Low
SHP0413,Mumbai,Delhi,374.2,852.6,27-01-2023,Delhivery,Container,Rain,Medium
SHP0414,Kolkata,Chennai,252.2,372.9,27-12-2023,DHL,Truck,Clear,Low
SHP0415,Bangalore,Delhi,326.3,900.7,23-09-2023,Delhivery,Truck,Clear,Medium
SHP0416,Chennai,Bangalore,553.6,1185.1,22-12-2023,FedEx,Bike,Clear,Medium
SHP0417,Hyderabad,Chennai,533.3,698.8,22-02-2023,BlueDart,Container,Fog,Low
SHP0418,Delhi,Mumbai,188,1052.2,05-02-2023,DHL,Van,Clear,Medium
SHP0419,Hyderabad,Delhi,645.2,776.2,30-07-2023,Delhivery,Van,Clear,Low
SHP0420,Chennai,Hyderabad,451.1,1855.8,16-07-2023,BlueDart,Bike,Clear,Low
SHP0421,Mumbai,Chennai,668.4,1085.4,08-05-2023,BlueDart,Truck,Fog,Medium
SHP0422,Mumbai,Delhi,664.7,1171.1,23-09-2023,FedEx,Bike,Clear,Low
SHP0423,Delhi,Bangalore,617.6,1669.7,17-07-2023,DHL,Van,Clear,Medium
SHP0424,Bangalore,Chennai,357.9,1063.9,04-07-2023,BlueDart,Van,Clear,High
SHP0425,Kolkata,Mumbai,439.5,343,07-10-2023,FedEx,Bike,Storm,Medium
SHP0426,Chennai,Hyderabad,621,706.4,04-02-2023,DHL,Container,Clear,High
SHP0427,Kolkata,Hyderabad,498.9,1038.4,27-05-2023,Delhivery,Bike,Rain,Low
SHP0428,Bangalore,Hyderabad,545.3,462.7,12-11-2023,FedEx,Container,Clear,Low
SHP0429,Delhi,Mumbai,629.9,393.3,02-10-2023,BlueDart,Bike,Clear,Medium
SHP0430,Hyderabad,Chennai,411,1619.8,08-06-2023,Delhivery,Van,Clear,Low
SHP0431,Kolkata,Chennai,369.5,758.7,21-08-2023,DHL,Container,Rain,Medium
SHP0432,Delhi,Chennai,713.6,832.8,07-01-2023,FedEx,Truck,Clear,High
SHP0433,Bangalore,Hyderabad,623.3,52.9,13-05-2023,FedEx,Container,Clear,Medium
SHP0434,Mumbai,Chennai,395,836.6,16-01-2023,BlueDart,Bike,Clear,Low
SHP0435,Hyderabad,Bangalore,262.6,1315.7,18-11-2023,DHL,Bike,Clear,Medium
SHP0436,Kolkata,Hyderabad,182.2,474.7,27-03-2023,BlueDart,Van,Clear,Low
SHP0437,Bangalore,Chennai,632.2,1066.8,27-04-2023,DHL,Truck,Fog,Low
SHP0438,Chennai,Bangalore,318.9,565.2,06-07-2023,Delhivery,Van,Clear,High
SHP0439,Chennai,Hyderabad,582.5,635.9,01-01-2024,Delhivery,Van,Clear,Medium
SHP0440,Hyderabad,Mumbai,337.6,946.4,19-05-2023,DHL,Container,Clear,Medium
SHP0441,Chennai,Mumbai,519.4,315.9,25-04-2023,DHL,Bike,Clear,Medium
SHP0442,Mumbai,Kolkata,446.7,890.3,17-06-2023,DHL,Bike,Clear,Low
SHP0443,Bangalore,Mumbai,636.7,641.4,15-11-2023,FedEx,Bike,Clear,High
SHP0444,Delhi,Hyderabad,474.3,638.9,06-05-2023,FedEx,Truck,Fog,Low
SHP0445,Bangalore,Mumbai,365.7,1705.9,22-11-2023,DHL,Container,Clear,Medium
SHP0446,Hyderabad,Mumbai,620.4,37.1,23-02-2023,FedEx,Van,Clear,High
SHP0447,Delhi,Kolkata,441.5,218.3,17-02-2023,DHL,Van,Fog,Medium
SHP0448,Hyderabad,Mumbai,455.3,248.4,23-08-2023,DHL,Truck,Clear,Medium
SHP0449,Kolkata,Chennai,614.7,1781.5,31-10-2023,DHL,Bike,Rain,Low
SHP0450,Mumbai,Kolkata,247,68.3,11-06-2023,Delhivery,Container,Clear,Low
SHP0451,Chennai,Mumbai,427.9,509,11-03-2023,DHL,Van,Clear,Medium
SHP0452,Mumbai,Bangalore,391.7,1934.4,03-03-2023,BlueDart,Van,Clear,Medium
SHP0453,Chennai,Delhi,462.7,1546.3,22-03-2023,BlueDart,Truck,Clear,High
SHP0454,Delhi,Chennai,498.5,1453.7,31-12-2023,FedEx,Container,Clear,Low
SHP0455,Mumbai,Kolkata,472.9,1837.8,31-03-2023,DHL,Bike,Fog,Medium
SHP0456,Bangalore,Delhi,502.4,1394.8,18-02-2023,Delhivery,Truck,Fog,Low
SHP0457,Chennai,Delhi,272.5,1530.7,24-04-2023,FedEx,Van,Fog,Medium
SHP0458,Hyderabad,Chennai,394.5,412.5,26-10-2023,BlueDart,Truck,Clear,Low
SHP0459,Hyderabad,Kolkata,391,149.1,07-03-2023,DHL,Container,Clear,High
SHP0460,Chennai,Mumbai,329.3,487.1,21-10-2023,Delhivery,Bike,Clear,Medium
SHP0461,Kolkata,Delhi,587.9,1944.6,01-07-2023,FedEx,Van,Clear,Medium
SHP0462,Delhi,Chennai,445.3,652.9,11-11-2023,FedEx,Container,Clear,High
SHP0463,Kolkata,Chennai,622.9,1834.3,14-02-2023,BlueDart,Bike,Clear,Low
SHP0464,Bangalore,Delhi,233.1,1773.6,19-11-2023,DHL,Bike,Rain,Medium
SHP0465,Bangalore,Kolkata,546.3,922.3,26-06-2023,BlueDart,Bike,Clear,Low
SHP0466,Bangalore,Delhi,578.9,328.5,16-01-2023,BlueDart,Truck,Fog,Medium
SHP0467,Mumbai,Hyderabad,783.3,1339.9,30-04-2023,FedEx,Truck,Clear,Low
SHP0468,Bangalore,Chennai,528.9,1350.9,23-04-2023,Delhivery,Container,Fog,High
SHP0469,Delhi,Mumbai,535.7,1967.8,02-05-2023,BlueDart,Container,Fog,Low
SHP0470,Hyderabad,Mumbai,434.8,1420.4,18-10-2023,FedEx,Van,Fog,High
SHP0471,Kolkata,Hyderabad,465,1795.4,08-06-2023,FedEx,Bike,Clear,Low
SHP0472,Bangalore,Delhi,355.2,1131.7,11-01-2023,Delhivery,Truck,Clear,Medium
SHP0473,Delhi,Kolkata,409.4,337.1,01-04-2023,BlueDart,Truck,Clear,Medium
SHP0474,Delhi,Chennai,359.6,1727.3,27-09-2023,BlueDart,Truck,Clear,High
SHP0475,Kolkata,Hyderabad,767.7,52.5,21-02-2023,BlueDart,Container,Clear,High
SHP0476,Hyderabad,Kolkata,528.3,1722,24-11-2023,Delhivery,Container,Clear,High
SHP0477,Hyderabad,Bangalore,618.5,1012.3,02-07-2023,FedEx,Van,Clear,Medium
SHP0478,Mumbai,Delhi,597.1,864.9,01-04-2023,DHL,Bike,Fog,Medium
SHP0479,Bangalore,Chennai,497.8,1759,04-04-2023,BlueDart,Van,Rain,Low
SHP0480,Kolkata,Delhi,490.3,420.9,19-06-2023,DHL,Van,Clear,Medium
SHP0481,Hyderabad,Chennai,454.6,1316.5,29-12-2023,BlueDart,Bike,Clear,Low
SHP0482,Hyderabad,Chennai,466.3,194.1,29-06-2023,BlueDart,Truck,Rain,Low
SHP0483,Kolkata,Bangalore,758.6,1942.9,27-03-2023,Delhivery,Bike,Fog,Medium
SHP0484,Kolkata,Chennai,752.9,1079.2,03-09-2023,FedEx,Van,Clear,Medium
SHP0485,Chennai,Kolkata,341.8,1272.1,11-01-2023,BlueDart,Container,Storm,Low
SHP0486,Delhi,Bangalore,637.2,460,24-03-2023,DHL,Truck,Clear,High
SHP0487,Kolkata,Chennai,350.7,157.8,09-08-2023,FedEx,Bike,Clear,Low
SHP0488,Delhi,Mumbai,377,1141.4,29-07-2023,BlueDart,Container,Clear,Low
SHP0489,Kolkata,Hyderabad,404.9,391.1,09-10-2023,Delhivery,Van,Clear,Low
SHP0490,Chennai,Kolkata,328.9,1173,05-12-2023,Delhivery,Van,Clear,Low
SHP0491,Hyderabad,Mumbai,469.6,545.3,11-02-2023,Delhivery,Truck,Clear,Medium
SHP0492,Kolkata,Mumbai,770.8,394.7,16-02-2023,Delhivery,Van,Clear,Medium
SHP0493,Delhi,Bangalore,445.8,779.7,23-01-2023,BlueDart,Bike,Clear,Low
SHP0494,Mumbai,Hyderabad,195.3,736.9,01-02-2023,FedEx,Truck,Clear,Medium
SHP0495,Bangalore,Kolkata,443.8,123.5,29-10-2023,FedEx,Truck,Fog,High
SHP0496,Kolkata,Hyderabad,678,285,18-12-2023,Delhivery,Van,Clear,Low
SHP0497,Hyderabad,Chennai,283.3,620.8,15-09-2023,FedEx,Truck,Fog,Medium
SHP0498,Delhi,Mumbai,645.3,921.3,09-04-2023,FedEx,Truck,Clear,High
SHP0499,Kolkata,Delhi,436.7,979.4,18-11-2023,FedEx,Container,Clear,Medium
SHP0500,Chennai,Delhi,113.9,47.4,18-07-2023,Delhivery,Container,Fog,Medium
SHP0501,Chennai,Hyderabad,670.9,1248.4,28-10-2023,Delhivery,Truck,Clear,Low
SHP0502,Bangalore,Hyderabad,761.2,749.6,21-02-2023,DHL,Truck,Rain,High
SHP0503,Mumbai,Bangalore,514.6,834.9,16-05-2023,Delhivery,Bike,Clear,Medium
SHP0504,Delhi,Kolkata,537.2,1543.4,26-07-2023,FedEx,Bike,Clear,High
SHP0505,Mumbai,Delhi,442,400.9,26-01-2023,Delhivery,Container,Fog,Low
SHP0506,Mumbai,Kolkata,649.8,295.7,24-05-2023,Delhivery,Truck,Storm,Low
SHP0507,Mumbai,Bangalore,754.6,1147.9,14-06-2023,BlueDart,Bike,Rain,Low
SHP0508,Kolkata,Delhi,320.8,1512.4,28-07-2023,Delhivery,Container,Fog,Medium
SHP0509,Delhi,Chennai,576.6,1010.3,09-06-2023,Delhivery,Van,Rain,Medium
SHP0510,Bangalore,Chennai,472.8,895.5,30-03-2023,FedEx,Van,Fog,Low
SHP0511,Kolkata,Chennai,508.5,1677.2,04-07-2023,FedEx,Container,Clear,Medium
SHP0512,Kolkata,Chennai,228.5,224.6,15-12-2023,DHL,Van,Clear,Medium
SHP0513,Delhi,Bangalore,377.8,703.4,28-10-2023,BlueDart,Container,Clear,High
SHP0514,Hyderabad,Chennai,360.1,1735.2,26-05-2023,DHL,Bike,Clear,High
SHP0515,Delhi,Mumbai,453.6,299.9,28-11-2023,FedEx,Van,Clear,Medium
SHP0516,Chennai,Delhi,726.2,1568.1,31-08-2023,FedEx,Van,Rain,Low
SHP0517,Mumbai,Hyderabad,285.1,43,06-06-2023,BlueDart,Bike,Fog,High
SHP0518,Kolkata,Mumbai,495.2,939,22-04-2023,Delhivery,Container,Rain,High
SHP0519,Kolkata,Hyderabad,570.8,1811.8,22-02-2023,DHL,Container,Clear,Medium
SHP0520,Mumbai,Kolkata,516.1,40.8,17-12-2023,DHL,Bike,Clear,High
SHP0521,Hyderabad,Mumbai,362.3,1013.7,22-05-2023,BlueDart,Container,Clear,Medium
SHP0522,Delhi,Chennai,415.3,1865.2,04-11-2023,Delhivery,Container,Rain,Medium
SHP0523,Hyderabad,Kolkata,467.7,1409,01-06-2023,BlueDart,Bike,Clear,Medium
SHP0524,Bangalore,Hyderabad,421,1451.6,08-04-2023,BlueDart,Van,Rain,Medium
SHP0525,Kolkata,Mumbai,519.3,1477.3,17-09-2023,BlueDart,Van,Fog,High
SHP0526,Delhi,Kolkata,334.1,598,19-02-2023,Delhivery,Van,Rain,Medium
SHP0527,Bangalore,Delhi,777,630,15-12-2023,BlueDart,Truck,Clear,Low
SHP0528,Mumbai,Bangalore,494.8,557,19-06-2023,BlueDart,Container,Clear,Medium
SHP0529,Chennai,Bangalore,452.5,85.4,28-01-2023,DHL,Bike,Fog,Medium
SHP0530,Hyderabad,Kolkata,561.2,381,29-09-2023,BlueDart,Bike,Clear,High
SHP0531,Delhi,Mumbai,480.7,1607.6,25-06-2023,Delhivery,Bike,Clear,High
SHP0532,Delhi,Chennai,173,466.9,07-09-2023,BlueDart,Van,Clear,Low
SHP0533,Kolkata,Mumbai,363.2,1087.6,18-04-2023,FedEx,Van,Clear,Medium
SHP0534,Chennai,Mumbai,438.2,1085.4,11-11-2023,Delhivery,Bike,Clear,High
SHP0535,Kolkata,Chennai,530.6,1291.3,20-01-2023,FedEx,Container,Storm,High
SHP0536,Bangalore,Delhi,524.2,1075.4,10-01-2023,DHL,Van,Clear,High
SHP0537,Mumbai,Delhi,643.6,1370.9,22-02-2023,Delhivery,Container,Clear,High
SHP0538,Mumbai,Kolkata,408.3,340.3,22-08-2023,BlueDart,Bike,Fog,High
SHP0539,Mumbai,Bangalore,373.5,1679.8,03-07-2023,FedEx,Van,Fog,High
SHP0540,Kolkata,Chennai,560.8,1311.5,27-04-2023,FedEx,Van,Clear,Low
SHP0541,Bangalore,Delhi,596.9,1826.3,05-03-2023,BlueDart,Truck,Clear,Medium
SHP0542,Bangalore,Hyderabad,663.9,721.9,25-01-2023,DHL,Truck,Rain,Low
SHP0543,Hyderabad,Chennai,565.8,1499.3,02-08-2023,Delhivery,Bike,Clear,Low
SHP0544,Hyderabad,Delhi,818.8,607.3,16-04-2023,DHL,Container,Clear,Low
SHP0545,Bangalore,Mumbai,824.5,1016.5,15-11-2023,FedEx,Bike,Fog,Low
SHP0546,Hyderabad,Bangalore,612.6,421.8,02-03-2023,BlueDart,Truck,Rain,Medium
SHP0547,Bangalore,Delhi,398,443.1,15-05-2023,FedEx,Container,Rain,Low
SHP0548,Chennai,Hyderabad,540.8,512.6,12-09-2023,FedEx,Bike,Clear,Low
SHP0549,Hyderabad,Chennai,507.2,176.5,26-02-2023,Delhivery,Van,Fog,Medium
SHP0550,Chennai,Delhi,831.4,171.6,12-05-2023,FedEx,Bike,Storm,Low
SHP0551,Kolkata,Chennai,443.1,951.1,21-02-2023,FedEx,Truck,Fog,Medium
SHP0552,Hyderabad,Mumbai,665,906.1,07-08-2023,DHL,Truck,Fog,High
SHP0553,Chennai,Mumbai,213.1,762.3,06-12-2023,FedEx,Container,Clear,Medium
SHP0554,Bangalore,Mumbai,142.4,1203.8,17-02-2023,BlueDart,Container,Clear,Medium
SHP0555,Kolkata,Mumbai,492.7,564.8,17-07-2023,Delhivery,Bike,Rain,Medium
SHP0556,Chennai,Mumbai,226.1,255.1,23-12-2023,DHL,Van,Clear,High
SHP0557,Kolkata,Hyderabad,462.4,543.1,14-12-2023,Delhivery,Van,Rain,Medium
SHP0558,Bangalore,Chennai,268.6,1688.1,17-12-2023,FedEx,Bike,Fog,Low
SHP0559,Kolkata,Bangalore,463.2,1619.8,24-01-2023,DHL,Container,Rain,Low
SHP0560,Hyderabad,Bangalore,428.6,1619.6,23-10-2023,FedEx,Container,Clear,Medium
SHP0561,Bangalore,Chennai,437.9,178.2,10-08-2023,FedEx,Bike,Clear,Medium
SHP0562,Kolkata,Delhi,327.2,536.1,13-10-2023,DHL,Truck,Rain,Low
SHP0563,Kolkata,Bangalore,721.3,546.4,26-03-2023,DHL,Bike,Clear,Medium
SHP0564,Mumbai,Chennai,382.1,522.5,17-09-2023,FedEx,Bike,Clear,Low
SHP0565,Kolkata,Bangalore,510.4,1405.5,21-10-2023,Delhivery,Truck,Fog,Medium
SHP0566,Chennai,Bangalore,684.6,578.2,01-12-2023,DHL,Truck,Clear,Low
SHP0567,Bangalore,Chennai,528.1,893.6,16-02-2023,BlueDart,Van,Rain,Medium
SHP0568,Mumbai,Kolkata,366.4,1890.8,28-01-2023,FedEx,Bike,Clear,Medium
SHP0569,Bangalore,Kolkata,571.3,434.8,03-12-2023,BlueDart,Bike,Clear,Medium
SHP0570,Delhi,Chennai,571.4,995.9,24-06-2023,BlueDart,Container,Clear,Medium
SHP0571,Chennai,Delhi,562.7,1240.9,26-03-2023,Delhivery,Van,Fog,Medium
SHP0572,Kolkata,Chennai,597.7,1048.9,11-05-2023,FedEx,Van,Clear,High
SHP0573,Delhi,Bangalore,391.1,1489.1,08-04-2023,BlueDart,Truck,Rain,Low
SHP0574,Hyderabad,Bangalore,424.4,1310.4,05-03-2023,Delhivery,Bike,Rain,High
SHP0575,Delhi,Bangalore,370.1,974.2,03-01-2023,DHL,Bike,Fog,Medium
SHP0576,Bangalore,Delhi,392.5,1435.1,21-12-2023,FedEx,Van,Clear,Medium
SHP0577,Bangalore,Mumbai,360.9,1054.6,16-09-2023,Delhivery,Bike,Storm,High
SHP0578,Delhi,Kolkata,308.5,1286,23-07-2023,BlueDart,Container,Clear,Low
SHP0579,Kolkata,Hyderabad,492.1,1293.7,25-12-2023,BlueDart,Container,Rain,High
SHP0580,Hyderabad,Delhi,583.4,1812.9,13-04-2023,FedEx,Container,Rain,High
SHP0581,Delhi,Mumbai,207.5,1540,15-09-2023,BlueDart,Truck,Rain,Medium
SHP0582,Bangalore,Hyderabad,452.5,1307.9,08-12-2023,Delhivery,Container,Fog,Medium
SHP0583,Chennai,Hyderabad,296.7,1302.6,24-02-2023,DHL,Bike,Clear,Medium
SHP0584,Delhi,Kolkata,215.9,789.2,24-03-2023,BlueDart,Container,Clear,Low
SHP0585,Mumbai,Delhi,108.8,1759.8,05-10-2023,DHL,Container,Fog,Low
SHP0586,Hyderabad,Bangalore,430.9,1131.7,25-04-2023,Delhivery,Van,Clear,Medium
SHP0587,Hyderabad,Mumbai,359.2,1919.2,21-12-2023,DHL,Bike,Clear,High
SHP0588,Hyderabad,Mumbai,320.9,1044,10-10-2023,DHL,Truck,Rain,Low
SHP0589,Kolkata,Delhi,365.4,60.1,21-11-2023,BlueDart,Van,Rain,High
SHP0590,Mumbai,Bangalore,623.4,1817.8,01-04-2023,DHL,Van,Storm,Medium
SHP0591,Chennai,Bangalore,401.9,1563.2,21-01-2023,Delhivery,Container,Clear,Low
SHP0592,Bangalore,Mumbai,570.9,81.9,03-01-2023,BlueDart,Bike,Rain,Low
SHP0593,Delhi,Kolkata,631.4,657.6,02-11-2023,DHL,Container,Clear,Medium
SHP0594,Mumbai,Chennai,536.4,1563.7,29-12-2023,BlueDart,Van,Storm,Medium
SHP0595,Bangalore,Delhi,320.3,492.5,01-08-2023,Delhivery,Truck,Clear,High
SHP0596,Hyderabad,Mumbai,442.3,1311.3,19-06-2023,BlueDart,Container,Clear,Medium
SHP0597,Bangalore,Kolkata,794.5,408.3,15-10-2023,DHL,Truck,Rain,Medium
SHP0598,Hyderabad,Bangalore,392.9,142,15-11-2023,FedEx,Truck,Rain,Medium
SHP0599,Chennai,Bangalore,857.6,1432.7,12-05-2023,BlueDart,Truck,Fog,High
SHP0600,Mumbai,Hyderabad,249.2,477.2,18-09-2023,Delhivery,Bike,Clear,High
SHP0601,Delhi,Kolkata,307.5,1433.6,21-09-2023,DHL,Truck,Clear,High
SHP0602,Bangalore,Hyderabad,247.7,1908.1,04-01-2023,DHL,Van,Rain,Medium
SHP0603,Hyderabad,Kolkata,374.8,907,23-02-2023,FedEx,Bike,Rain,High
SHP0604,Hyderabad,Delhi,456,1572.2,13-01-2023,Delhivery,Container,Clear,Low
SHP0605,Delhi,Kolkata,758.5,462.9,13-10-2023,DHL,Van,Fog,Medium
SHP0606,Kolkata,Bangalore,279.6,1718.2,10-08-2023,BlueDart,Truck,Clear,Low
SHP0607,Chennai,Hyderabad,684.4,1322.4,02-02-2023,DHL,Truck,Clear,Medium
SHP0608,Mumbai,Kolkata,194.9,1878.6,07-11-2023,DHL,Container,Rain,Medium
SHP0609,Kolkata,Chennai,489.4,969.1,31-08-2023,FedEx,Van,Clear,Medium
SHP0610,Bangalore,Mumbai,538,1598.9,21-11-2023,FedEx,Container,Rain,High
SHP0611,Hyderabad,Mumbai,657.2,244.8,06-01-2023,FedEx,Truck,Clear,Medium
SHP0612,Kolkata,Hyderabad,613.1,1051.8,08-10-2023,DHL,Container,Clear,Medium
SHP0613,Hyderabad,Mumbai,468.3,84.6,19-04-2023,Delhivery,Van,Clear,Low
SHP0614,Mumbai,Delhi,317.1,1528.4,28-02-2023,FedEx,Truck,Fog,High
SHP0615,Bangalore,Kolkata,346.7,1510.9,27-11-2023,DHL,Container,Rain,Low
SHP0616,Delhi,Hyderabad,509.2,1306.8,07-09-2023,BlueDart,Container,Clear,Medium
SHP0617,Chennai,Kolkata,659.2,1633.3,14-11-2023,DHL,Van,Clear,Medium
SHP0618,Bangalore,Mumbai,527.5,1021.2,22-12-2023,FedEx,Container,Fog,High
SHP0619,Delhi,Chennai,467.8,582.4,10-06-2023,FedEx,Van,Rain,Medium
SHP0620,Mumbai,Kolkata,156.7,283.5,10-03-2023,BlueDart,Bike,Clear,Medium
SHP0621,Mumbai,Bangalore,541.2,586.5,10-10-2023,DHL,Van,Rain,Low
SHP0622,Mumbai,Delhi,402.6,164.4,03-10-2023,FedEx,Container,Rain,Medium
SHP0623,Hyderabad,Chennai,567.4,1426.5,10-01-2023,DHL,Bike,Rain,Low
SHP0624,Chennai,Hyderabad,816.8,1708,14-05-2023,Delhivery,Van,Clear,Low
SHP0625,Bangalore,Mumbai,493.2,1403.9,10-03-2023,Delhivery,Truck,Clear,Medium
SHP0626,Hyderabad,Delhi,510,313.7,11-11-2023,FedEx,Van,Clear,Low
SHP0627,Bangalore,Delhi,499.2,171.4,05-09-2023,BlueDart,Truck,Clear,Medium
SHP0628,Chennai,Kolkata,526.6,664.9,09-07-2023,FedEx,Truck,Rain,Medium
SHP0629,Mumbai,Bangalore,580.9,680.5,29-08-2023,Delhivery,Truck,Clear,Medium
SHP0630,Chennai,Hyderabad,499.9,1318.7,21-11-2023,BlueDart,Container,Clear,Medium
SHP0631,Kolkata,Bangalore,625.7,32.5,07-07-2023,DHL,Container,Clear,High
SHP0632,Bangalore,Kolkata,566,1612.6,30-06-2023,BlueDart,Bike,Rain,High
SHP0633,Chennai,Hyderabad,554.6,422.1,13-03-2023,Delhivery,Van,Clear,Medium
SHP0634,Mumbai,Delhi,661.3,879.1,18-03-2023,FedEx,Van,Clear,Medium
SHP0635,Chennai,Mumbai,421.5,1531.3,01-08-2023,BlueDart,Truck,Clear,Medium
SHP0636,Delhi,Hyderabad,877.3,510.9,24-03-2023,Delhivery,Truck,Clear,Low
SHP0637,Bangalore,Delhi,31.3,1672.7,10-03-2023,DHL,Van,Clear,Low
SHP0638,Delhi,Hyderabad,524.8,1692.2,27-07-2023,DHL,Container,Fog,Low
SHP0639,Bangalore,Kolkata,343.6,1090.1,04-09-2023,FedEx,Van,Fog,Medium
SHP0640,Bangalore,Delhi,496.3,567.8,16-11-2023,BlueDart,Van,Rain,Medium
SHP0641,Kolkata,Hyderabad,504,984,30-10-2023,DHL,Van,Clear,Low
SHP0642,Chennai,Mumbai,619.5,690.1,25-09-2023,Delhivery,Van,Rain,Low
SHP0643,Bangalore,Hyderabad,650.3,1210.9,20-01-2023,DHL,Truck,Clear,Low
SHP0644,Bangalore,Hyderabad,518.3,423.9,01-01-2023,Delhivery,Bike,Clear,Low
SHP0645,Bangalore,Kolkata,266.2,1194.3,28-04-2023,Delhivery,Bike,Clear,High
SHP0646,Hyderabad,Bangalore,440.7,1459,20-02-2023,Delhivery,Van,Clear,Medium
SHP0647,Chennai,Kolkata,530.6,467.7,03-11-2023,Delhivery,Container,Clear,Medium
SHP0648,Chennai,Hyderabad,624.4,379.9,25-09-2023,DHL,Truck,Clear,Low
SHP0649,Mumbai,Bangalore,728.6,987.8,05-07-2023,DHL,Van,Clear,Medium
SHP0650,Mumbai,Hyderabad,440.7,36.9,05-08-2023,BlueDart,Container,Storm,Medium
SHP0651,Delhi,Bangalore,154.8,356,10-10-2023,Delhivery,Van,Clear,Medium
SHP0652,Mumbai,Kolkata,421,862.6,23-10-2023,BlueDart,Bike,Rain,High
SHP0653,Hyderabad,Chennai,371,1837.2,28-04-2023,Delhivery,Van,Clear,Medium
SHP0654,Mumbai,Hyderabad,812.2,302.1,11-11-2023,DHL,Van,Clear,Medium
SHP0655,Chennai,Mumbai,560.9,1556.2,30-08-2023,Delhivery,Truck,Clear,Low
SHP0656,Chennai,Hyderabad,542.5,1321.1,20-01-2023,Delhivery,Bike,Rain,Medium
SHP0657,Hyderabad,Bangalore,368.2,1464.8,30-01-2023,FedEx,Bike,Clear,Low
SHP0658,Hyderabad,Bangalore,812.4,1090.4,27-05-2023,FedEx,Truck,Rain,Medium
SHP0659,Hyderabad,Delhi,481.6,228.5,11-11-2023,FedEx,Truck,Clear,Medium
SHP0660,Delhi,Chennai,374.7,1347,22-05-2023,Delhivery,Container,Rain,Medium
SHP0661,Delhi,Hyderabad,573.4,1934.4,08-01-2023,DHL,Truck,Clear,Medium
SHP0662,Bangalore,Hyderabad,322.5,1876.8,28-06-2023,BlueDart,Container,Clear,High
SHP0663,Kolkata,Bangalore,378.1,1756.9,22-10-2023,DHL,Container,Clear,Medium
SHP0664,Bangalore,Chennai,599.1,219.4,15-09-2023,BlueDart,Container,Fog,High
SHP0665,Mumbai,Hyderabad,572,1059.1,22-10-2023,BlueDart,Bike,Storm,Medium
SHP0666,Delhi,Kolkata,265.9,1860.7,23-08-2023,Delhivery,Truck,Clear,Low
SHP0667,Kolkata,Delhi,816.2,746.8,13-12-2023,FedEx,Container,Clear,Medium
SHP0668,Bangalore,Chennai,404.3,945,25-12-2023,BlueDart,Van,Clear,Medium
SHP0669,Hyderabad,Mumbai,673.3,209.4,08-02-2023,FedEx,Bike,Clear,Low
SHP0670,Bangalore,Mumbai,535,1845.3,04-04-2023,FedEx,Bike,Rain,Low
SHP0671,Delhi,Kolkata,555.4,704.4,16-04-2023,FedEx,Van,Fog,High
SHP0672,Mumbai,Delhi,337.1,1617.5,24-02-2023,DHL,Truck,Rain,Medium
SHP0673,Bangalore,Chennai,415.5,1967.1,05-10-2023,DHL,Bike,Clear,Medium
SHP0674,Bangalore,Mumbai,370.2,722.8,09-09-2023,FedEx,Container,Clear,Medium
SHP0675,Delhi,Chennai,849.4,1696.2,27-09-2023,Delhivery,Bike,Fog,Low
SHP0676,Mumbai,Bangalore,544.8,1801.7,18-12-2023,FedEx,Bike,Storm,Medium
SHP0677,Kolkata,Mumbai,529.4,657.4,19-12-2023,DHL,Truck,Rain,Medium
SHP0678,Chennai,Kolkata,458.9,1119.3,05-07-2023,BlueDart,Van,Clear,Low
SHP0679,Kolkata,Hyderabad,494.2,1478.1,25-06-2023,BlueDart,Van,Clear,Low
SHP0680,Hyderabad,Mumbai,436.3,220.5,06-07-2023,Delhivery,Container,Clear,Medium
SHP0681,Bangalore,Delhi,418.8,1839.4,21-02-2023,BlueDart,Van,Clear,High
SHP0682,Delhi,Mumbai,658.6,375.1,18-03-2023,Delhivery,Truck,Clear,Medium
SHP0683,Hyderabad,Bangalore,494.2,1485.9,01-10-2023,BlueDart,Bike,Clear,Medium
SHP0684,Bangalore,Chennai,317.8,1728.2,23-07-2023,DHL,Van,Clear,High
SHP0685,Kolkata,Chennai,569.2,445.9,19-08-2023,BlueDart,Container,Clear,Medium
SHP0686,Mumbai,Kolkata,620.3,296.7,11-01-2023,Delhivery,Truck,Clear,Medium
SHP0687,Bangalore,Delhi,227.4,1222.3,23-10-2023,FedEx,Container,Clear,Medium
SHP0688,Kolkata,Bangalore,534,1612.9,10-02-2023,Delhivery,Container,Clear,High
SHP0689,Delhi,Kolkata,562.9,976.9,04-08-2023,Delhivery,Truck,Clear,Medium
SHP0690,Mumbai,Kolkata,506.2,122.3,01-12-2023,BlueDart,Container,Rain,Medium
SHP0691,Kolkata,Mumbai,556.6,1443,28-10-2023,Delhivery,Bike,Clear,High
SHP0692,Delhi,Mumbai,669.9,476.9,05-12-2023,BlueDart,Truck,Clear,Medium
SHP0693,Chennai,Delhi,355.7,927.8,31-08-2023,DHL,Truck,Rain,Medium
SHP0694,Chennai,Delhi,604.7,331.7,15-05-2023,FedEx,Truck,Rain,High
SHP0695,Mumbai,Delhi,523.4,804.6,07-05-2023,BlueDart,Bike,Rain,Low
SHP0696,Delhi,Chennai,332.8,76.4,18-01-2023,BlueDart,Container,Fog,Medium
SHP0697,Bangalore,Mumbai,401.4,299.7,08-10-2023,Delhivery,Van,Storm,Medium
SHP0698,Delhi,Hyderabad,404,1404.8,02-11-2023,Delhivery,Bike,Clear,Medium
SHP0699,Mumbai,Kolkata,398.1,511.9,04-09-2023,FedEx,Truck,Clear,Medium
SHP0700,Mumbai,Delhi,824.1,1510.6,05-06-2023,DHL,Truck,Clear,Medium
SHP0701,Delhi,Kolkata,506.3,1074,27-05-2023,Delhivery,Truck,Rain,Medium
SHP0702,Kolkata,Mumbai,646.6,1428.1,05-01-2023,Delhivery,Container,Clear,Medium
SHP0703,Bangalore,Mumbai,243.1,36.4,07-04-2023,Delhivery,Bike,Clear,Low
SHP0704,Hyderabad,Kolkata,389.7,182.3,13-07-2023,FedEx,Container,Clear,Medium
SHP0705,Bangalore,Hyderabad,534.7,1065.8,22-12-2023,BlueDart,Container,Rain,Medium
SHP0706,Mumbai,Bangalore,438.7,1614.6,07-04-2023,DHL,Van,Clear,Low
SHP0707,Kolkata,Hyderabad,353.9,1157.9,20-08-2023,BlueDart,Bike,Clear,Low
SHP0708,Chennai,Hyderabad,588.9,1575.5,12-01-2023,FedEx,Truck,Clear,Low
SHP0709,Kolkata,Chennai,651.9,461.4,30-04-2023,DHL,Van,Clear,Low
SHP0710,Kolkata,Mumbai,532.2,540.1,13-09-2023,BlueDart,Bike,Rain,Low
SHP0711,Chennai,Mumbai,260,882.1,29-01-2023,BlueDart,Bike,Clear,Medium
SHP0712,Delhi,Kolkata,658.8,304.3,15-07-2023,DHL,Truck,Storm,Medium
SHP0713,Kolkata,Bangalore,522.5,1940.3,07-05-2023,DHL,Van,Clear,Medium
SHP0714,Bangalore,Delhi,417.7,1127.7,31-08-2023,Delhivery,Container,Fog,Low
SHP0715,Hyderabad,Chennai,647.8,315.3,09-10-2023,DHL,Container,Clear,Low
SHP0716,Mumbai,Chennai,744.4,1959.2,08-12-2023,FedEx,Truck,Clear,Medium
SHP0717,Chennai,Mumbai,296.3,458.2,22-05-2023,DHL,Bike,Rain,Low
SHP0718,Chennai,Hyderabad,521.3,1519.1,20-12-2023,Delhivery,Van,Clear,Low
SHP0719,Delhi,Bangalore,615.7,221.8,16-02-2023,BlueDart,Truck,Clear,Medium
SHP0720,Hyderabad,Bangalore,391.1,1656.6,24-02-2023,FedEx,Bike,Clear,High
SHP0721,Hyderabad,Mumbai,369.7,708.4,13-08-2023,FedEx,Truck,Rain,Medium
SHP0722,Delhi,Kolkata,279.6,1753,21-01-2023,Delhivery,Bike,Clear,Medium
SHP0723,Kolkata,Delhi,316.4,279.5,18-10-2023,FedEx,Container,Clear,Medium
SHP0724,Bangalore,Hyderabad,294.6,129.6,24-03-2023,DHL,Van,Clear,High
SHP0725,Bangalore,Mumbai,670.5,1760.1,21-08-2023,DHL,Bike,Rain,High
SHP0726,Bangalore,Mumbai,730,464.2,14-11-2023,FedEx,Container,Rain,Medium
SHP0727,Bangalore,Kolkata,431.2,742.8,08-04-2023,Delhivery,Van,Rain,Medium
SHP0728,Hyderabad,Mumbai,400.6,378.6,26-02-2023,DHL,Truck,Clear,High
SHP0729,Delhi,Chennai,770.2,1239.5,14-04-2023,DHL,Bike,Clear,Low
SHP0730,Hyderabad,Kolkata,636.9,965.6,03-12-2023,Delhivery,Container,Clear,Low
SHP0731,Hyderabad,Chennai,529.2,337.6,07-01-2023,FedEx,Bike,Fog,High
SHP0732,Kolkata,Chennai,635,1953.2,04-07-2023,Delhivery,Container,Rain,Low
SHP0733,Bangalore,Mumbai,525.1,456.4,28-09-2023,DHL,Truck,Fog,Low
SHP0734,Delhi,Hyderabad,352.2,420.3,19-02-2023,DHL,Van,Clear,Low
SHP0735,Bangalore,Delhi,734.6,359.7,19-10-2023,FedEx,Bike,Rain,Medium
SHP0736,Bangalore,Mumbai,553.7,1611.2,12-12-2023,Delhivery,Bike,Fog,Low
SHP0737,Delhi,Hyderabad,52,515,25-07-2023,BlueDart,Van,Clear,Medium
SHP0738,Mumbai,Kolkata,275.6,326.4,09-10-2023,BlueDart,Container,Clear,Medium
SHP0739,Hyderabad,Mumbai,785.2,1936.8,08-11-2023,FedEx,Van,Clear,Medium
SHP0740,Hyderabad,Mumbai,562.5,398.9,04-07-2023,Delhivery,Bike,Storm,Low
SHP0741,Chennai,Kolkata,489.8,1958.6,02-11-2023,DHL,Van,Storm,Medium
SHP0742,Mumbai,Delhi,327.1,116.5,20-04-2023,BlueDart,Truck,Rain,High
SHP0743,Mumbai,Hyderabad,224.4,623.2,19-09-2023,FedEx,Truck,Clear,Medium
SHP0744,Delhi,Kolkata,394.6,1816.9,07-07-2023,FedEx,Van,Clear,Medium
SHP0745,Bangalore,Kolkata,649.5,1544.1,19-10-2023,FedEx,Truck,Rain,Medium
SHP0746,Delhi,Bangalore,584.6,1142.7,20-12-2023,DHL,Container,Clear,High
SHP0747,Kolkata,Chennai,366.4,24.8,29-01-2023,BlueDart,Container,Fog,Medium
SHP0748,Chennai,Mumbai,262.3,1017.3,01-12-2023,DHL,Bike,Clear,Medium
SHP0749,Mumbai,Hyderabad,453.9,1540.7,17-10-2023,FedEx,Container,Clear,Low
SHP0750,Chennai,Bangalore,282.7,61.3,17-08-2023,DHL,Van,Clear,Medium
SHP0751,Delhi,Mumbai,765.8,22.1,22-06-2023,DHL,Bike,Clear,Low
SHP0752,Kolkata,Mumbai,805.4,792.6,13-02-2023,Delhivery,Bike,Rain,Low
SHP0753,Delhi,Bangalore,350.4,595.7,14-10-2023,FedEx,Bike,Clear,Medium
SHP0754,Bangalore,Hyderabad,604.6,277.9,26-09-2023,FedEx,Van,Clear,Medium
SHP0755,Mumbai,Hyderabad,754.9,943.7,15-02-2023,DHL,Bike,Clear,Medium
SHP0756,Mumbai,Kolkata,673,860.5,01-11-2023,DHL,Container,Clear,Medium
SHP0757,Kolkata,Hyderabad,759.5,1498.8,16-03-2023,Delhivery,Truck,Fog,Low
SHP0758,Hyderabad,Mumbai,436.4,265.9,21-03-2023,DHL,Truck,Rain,Low
SHP0759,Bangalore,Delhi,480.6,1353.4,28-05-2023,DHL,Container,Rain,Low
SHP0760,Kolkata,Bangalore,498.7,302.4,12-01-2023,BlueDart,Van,Rain,Low
SHP0761,Bangalore,Hyderabad,292.4,550.3,13-05-2023,Delhivery,Van,Rain,Medium
SHP0762,Kolkata,Hyderabad,669.9,1369.3,06-12-2023,DHL,Container,Clear,Low
SHP0763,Hyderabad,Bangalore,359.9,80.4,19-05-2023,DHL,Bike,Rain,Low
SHP0764,Kolkata,Mumbai,438.9,1389.9,06-12-2023,BlueDart,Truck,Clear,High
SHP0765,Hyderabad,Kolkata,819,472,29-04-2023,Delhivery,Truck,Fog,Medium
SHP0766,Bangalore,Hyderabad,686.8,1650.6,15-02-2023,FedEx,Van,Clear,Medium
SHP0767,Hyderabad,Chennai,428.9,500.2,21-01-2023,FedEx,Container,Clear,Medium
SHP0768,Delhi,Chennai,336,1799.8,27-06-2023,BlueDart,Container,Rain,Low
SHP0769,Bangalore,Mumbai,343.6,1973.9,01-02-2023,BlueDart,Bike,Fog,High
SHP0770,Chennai,Hyderabad,568.1,1779.5,24-05-2023,FedEx,Van,Clear,Medium
SHP0771,Delhi,Chennai,352.3,292.5,15-07-2023,FedEx,Bike,Clear,Low
SHP0772,Mumbai,Hyderabad,363.4,668.1,18-06-2023,Delhivery,Van,Clear,Low
SHP0773,Bangalore,Delhi,531.7,1152.5,12-03-2023,BlueDart,Van,Clear,High
SHP0774,Delhi,Hyderabad,393.4,1253.7,22-03-2023,BlueDart,Truck,Clear,High
SHP0775,Chennai,Mumbai,584.9,1040.3,12-06-2023,FedEx,Truck,Rain,High
SHP0776,Kolkata,Bangalore,574,1733,05-06-2023,Delhivery,Container,Clear,Low
SHP0777,Delhi,Mumbai,463,347.3,14-01-2023,BlueDart,Van,Clear,Low
SHP0778,Chennai,Kolkata,443.3,288.5,10-02-2023,Delhivery,Van,Clear,Medium
SHP0779,Hyderabad,Mumbai,541,727.7,05-04-2023,Delhivery,Bike,Clear,Low
SHP0780,Delhi,Chennai,663.8,1462.2,29-07-2023,DHL,Container,Storm,Low
SHP0781,Hyderabad,Delhi,303,967.2,15-04-2023,DHL,Van,Fog,High
SHP0782,Bangalore,Kolkata,427.6,1928.5,19-12-2023,BlueDart,Bike,Fog,Medium
SHP0783,Chennai,Hyderabad,505.1,1556.8,14-07-2023,BlueDart,Bike,Rain,Medium
SHP0784,Bangalore,Hyderabad,581,1667.4,26-09-2023,DHL,Truck,Clear,High
SHP0785,Chennai,Mumbai,530.8,1737.9,23-09-2023,Delhivery,Truck,Clear,Medium
SHP0786,Hyderabad,Chennai,602.6,967.7,08-04-2023,BlueDart,Bike,Clear,Medium
SHP0787,Mumbai,Bangalore,709.7,181.8,27-03-2023,Delhivery,Container,Rain,Low
SHP0788,Bangalore,Delhi,605.4,1425.2,26-08-2023,Delhivery,Truck,Rain,Low
SHP0789,Bangalore,Hyderabad,550.4,1442.6,11-03-2023,Delhivery,Bike,Clear,Low
SHP0790,Kolkata,Hyderabad,616.6,1161.2,31-12-2023,FedEx,Bike,Clear,Medium
SHP0791,Hyderabad,Delhi,518.7,1286.9,05-03-2023,DHL,Truck,Rain,Medium
SHP0792,Chennai,Hyderabad,573.6,896.1,29-12-2023,Delhivery,Van,Clear,Medium
SHP0793,Delhi,Kolkata,751.2,44.7,17-10-2023,FedEx,Van,Fog,Low
SHP0794,Hyderabad,Chennai,452,203.8,03-08-2023,BlueDart,Container,Rain,High
SHP0795,Mumbai,Delhi,528.6,684.9,02-03-2023,FedEx,Van,Clear,Medium
SHP0796,Chennai,Bangalore,699,778.1,12-09-2023,Delhivery,Truck,Rain,Medium
SHP0797,Delhi,Hyderabad,322.2,1649,04-12-2023,Delhivery,Bike,Clear,Low
SHP0798,Bangalore,Chennai,523.6,998.3,06-05-2023,BlueDart,Van,Clear,Low
SHP0799,Hyderabad,Mumbai,471.5,795.2,19-01-2023,FedEx,Truck,Rain,High
SHP0800,Mumbai,Kolkata,358.7,933.4,14-02-2023,DHL,Truck,Clear,Low
SHP0801,Hyderabad,Mumbai,721.6,1700.9,09-11-2023,FedEx,Bike,Rain,Medium
SHP0802,Chennai,Delhi,328,252.3,03-06-2023,BlueDart,Container,Fog,High
SHP0803,Kolkata,Hyderabad,380.2,1109.2,03-02-2023,BlueDart,Bike,Clear,Medium
SHP0804,Mumbai,Kolkata,553.9,75.8,27-09-2023,Delhivery,Van,Rain,Medium
SHP0805,Chennai,Hyderabad,453.8,905.6,19-11-2023,DHL,Bike,Rain,Medium
SHP0806,Hyderabad,Mumbai,554.1,937.7,07-08-2023,BlueDart,Container,Clear,High
SHP0807,Mumbai,Delhi,678.3,864.7,11-11-2023,Delhivery,Bike,Clear,Low
SHP0808,Bangalore,Delhi,407.9,1815.5,29-12-2023,BlueDart,Van,Clear,Low
SHP0809,Hyderabad,Chennai,265.7,566.5,17-04-2023,Delhivery,Bike,Clear,Medium
SHP0810,Hyderabad,Delhi,419.4,1855.1,06-01-2023,FedEx,Container,Clear,Low
SHP0811,Mumbai,Hyderabad,210,278.2,09-10-2023,BlueDart,Truck,Clear,Medium
SHP0812,Kolkata,Hyderabad,595.5,1530.3,12-11-2023,DHL,Van,Clear,High
SHP0813,Hyderabad,Kolkata,596.4,270,31-08-2023,DHL,Van,Clear,Medium
SHP0814,Bangalore,Mumbai,556.5,59.7,25-08-2023,Delhivery,Truck,Fog,Low
SHP0815,Hyderabad,Mumbai,791.5,1938.3,12-10-2023,DHL,Van,Clear,Medium
SHP0816,Mumbai,Chennai,667.6,1493,18-03-2023,BlueDart,Truck,Clear,Medium
SHP0817,Bangalore,Delhi,524.9,1692.9,20-10-2023,Delhivery,Van,Clear,High
SHP0818,Mumbai,Kolkata,493.9,1109,30-12-2023,DHL,Container,Clear,Medium
SHP0819,Delhi,Kolkata,318.9,751.2,20-08-2023,BlueDart,Van,Clear,Low
SHP0820,Mumbai,Chennai,462.3,1135.3,14-04-2023,DHL,Bike,Clear,Medium
SHP0821,Bangalore,Delhi,355.9,1316.1,08-04-2023,BlueDart,Bike,Rain,Medium
SHP0822,Mumbai,Delhi,506.3,859,20-02-2023,FedEx,Van,Rain,Medium
SHP0823,Hyderabad,Bangalore,706.4,1108.2,01-03-2023,DHL,Container,Fog,Medium
SHP0824,Bangalore,Chennai,757,174.2,20-06-2023,Delhivery,Truck,Clear,Medium
SHP0825,Hyderabad,Mumbai,519.6,836.4,12-01-2023,BlueDart,Van,Clear,Low
SHP0826,Mumbai,Hyderabad,500.5,675.2,13-06-2023,Delhivery,Truck,Clear,Low
SHP0827,Chennai,Delhi,521.2,925.6,15-11-2023,DHL,Van,Clear,Medium
SHP0828,Mumbai,Delhi,785.1,1948.4,27-12-2023,BlueDart,Van,Clear,Medium
SHP0829,Mumbai,Hyderabad,161.4,1377.1,16-08-2023,DHL,Van,Clear,High
SHP0830,Chennai,Delhi,583.4,1018.4,16-07-2023,DHL,Truck,Clear,Low
SHP0831,Bangalore,Hyderabad,543.8,1993.2,19-11-2023,Delhivery,Container,Clear,High
SHP0832,Hyderabad,Bangalore,411.3,20.7,10-02-2023,Delhivery,Van,Clear,High
SHP0833,Hyderabad,Kolkata,567.3,1075.3,19-02-2023,Delhivery,Container,Rain,Medium
SHP0834,Kolkata,Bangalore,675.8,887.8,29-04-2023,FedEx,Van,Fog,Medium
SHP0835,Mumbai,Bangalore,601.4,159,04-04-2023,BlueDart,Container,Clear,Low
SHP0836,Kolkata,Chennai,502,51.5,29-06-2023,Delhivery,Bike,Fog,Low
SHP0837,Mumbai,Hyderabad,386.9,673,22-10-2023,FedEx,Truck,Clear,Medium
SHP0838,Chennai,Kolkata,670.5,1827.5,12-10-2023,DHL,Container,Clear,Medium
SHP0839,Kolkata,Delhi,341.9,1642.8,14-11-2023,FedEx,Van,Storm,Medium
SHP0840,Mumbai,Delhi,324.1,199.8,22-12-2023,Delhivery,Bike,Clear,Medium
SHP0841,Hyderabad,Delhi,601.7,1937,30-03-2023,DHL,Bike,Clear,Medium
SHP0842,Mumbai,Hyderabad,684.7,474,19-02-2023,Delhivery,Van,Clear,Medium
SHP0843,Bangalore,Chennai,646.4,597.6,17-12-2023,Delhivery,Container,Clear,Medium
SHP0844,Chennai,Mumbai,760.3,1969.4,13-03-2023,DHL,Van,Rain,Medium
SHP0845,Mumbai,Bangalore,421.9,905.4,12-11-2023,Delhivery,Van,Clear,High
SHP0846,Mumbai,Hyderabad,463,1881.3,14-12-2023,BlueDart,Bike,Rain,High
SHP0847,Chennai,Hyderabad,660.4,167.5,05-01-2023,Delhivery,Van,Fog,Low
SHP0848,Bangalore,Chennai,434.6,151.2,01-01-2023,BlueDart,Truck,Fog,High
SHP0849,Delhi,Bangalore,566.6,60.2,26-12-2023,Delhivery,Container,Rain,Medium
SHP0850,Kolkata,Hyderabad,298.6,1913.5,19-04-2023,FedEx,Bike,Clear,Medium
SHP0851,Mumbai,Bangalore,401.7,604.5,20-03-2023,BlueDart,Van,Clear,Low
SHP0852,Chennai,Mumbai,674.6,464,07-09-2023,Delhivery,Van,Clear,Medium
SHP0853,Kolkata,Bangalore,454,492.7,23-12-2023,Delhivery,Van,Clear,Medium
SHP0854,Kolkata,Bangalore,644.7,33.6,01-07-2023,FedEx,Van,Clear,Low
SHP0855,Kolkata,Delhi,381.9,168,31-12-2023,BlueDart,Bike,Fog,Medium
SHP0856,Chennai,Delhi,478.2,218.6,18-10-2023,Delhivery,Container,Clear,Medium
SHP0857,Hyderabad,Chennai,280.8,579.7,14-03-2023,BlueDart,Bike,Clear,Medium
SHP0858,Bangalore,Chennai,633.9,1550.4,06-05-2023,Delhivery,Truck,Rain,Medium
SHP0859,Bangalore,Mumbai,476.2,1081.6,10-11-2023,DHL,Container,Clear,Low
SHP0860,Kolkata,Hyderabad,510.8,1161.9,29-08-2023,BlueDart,Bike,Clear,High
SHP0861,Mumbai,Kolkata,635.3,1998.7,27-03-2023,DHL,Container,Rain,Medium
SHP0862,Chennai,Bangalore,648.4,1931.1,24-10-2023,FedEx,Truck,Rain,Low
SHP0863,Hyderabad,Bangalore,587.5,749.3,14-01-2023,BlueDart,Bike,Clear,Medium
SHP0864,Mumbai,Kolkata,897.6,1374.6,09-03-2023,BlueDart,Container,Fog,Low
SHP0865,Chennai,Hyderabad,553.1,890.9,31-03-2023,FedEx,Bike,Clear,Low
SHP0866,Hyderabad,Delhi,425.4,1413.1,06-09-2023,FedEx,Truck,Clear,Low
SHP0867,Delhi,Hyderabad,497.9,339.9,20-03-2023,Delhivery,Bike,Rain,Low
SHP0868,Kolkata,Delhi,231.4,1257.1,18-04-2023,BlueDart,Truck,Rain,Medium
SHP0869,Chennai,Delhi,555.1,1956.8,27-03-2023,Delhivery,Bike,Clear,Medium
SHP0870,Bangalore,Delhi,334.4,1977.9,14-07-2023,Delhivery,Bike,Clear,Medium
SHP0871,Kolkata,Chennai,576.2,825.4,28-05-2023,Delhivery,Bike,Rain,High
SHP0872,Hyderabad,Chennai,485,133.6,19-02-2023,BlueDart,Bike,Rain,Medium
SHP0873,Mumbai,Kolkata,515.5,469,19-05-2023,BlueDart,Truck,Clear,Medium
SHP0874,Kolkata,Delhi,603.2,554.7,11-12-2023,FedEx,Container,Rain,High
SHP0875,Mumbai,Hyderabad,552.2,125.9,06-01-2023,DHL,Truck,Clear,Low
SHP0876,Chennai,Bangalore,302.1,1570.3,29-06-2023,FedEx,Container,Clear,Low
SHP0877,Bangalore,Chennai,269.3,37.8,30-01-2023,FedEx,Truck,Rain,Low
SHP0878,Bangalore,Delhi,584.2,966.4,12-07-2023,FedEx,Truck,Rain,Low
SHP0879,Kolkata,Chennai,411.9,1461.7,24-11-2023,Delhivery,Container,Rain,Medium
SHP0880,Hyderabad,Mumbai,239.8,1523.6,12-05-2023,FedEx,Truck,Clear,Low
SHP0881,Kolkata,Mumbai,432.1,376.7,31-01-2023,BlueDart,Container,Clear,Low
SHP0882,Delhi,Hyderabad,296.8,1031.7,21-07-2023,FedEx,Bike,Clear,Medium
SHP0883,Kolkata,Delhi,227.4,668.2,11-11-2023,DHL,Bike,Rain,Low
SHP0884,Chennai,Delhi,636.2,827.9,20-10-2023,BlueDart,Bike,Clear,Medium
SHP0885,Hyderabad,Chennai,701,1777.9,20-01-2023,Delhivery,Container,Clear,Medium
SHP0886,Kolkata,Hyderabad,361.8,1242.1,02-01-2023,Delhivery,Bike,Clear,High
SHP0887,Chennai,Hyderabad,615,1530.2,26-04-2023,DHL,Bike,Storm,High
SHP0888,Kolkata,Chennai,599.6,75.8,18-10-2023,BlueDart,Container,Rain,Medium
SHP0889,Hyderabad,Chennai,572,654,07-07-2023,BlueDart,Truck,Fog,Medium
SHP0890,Mumbai,Delhi,564.3,323.8,01-04-2023,DHL,Bike,Rain,Low
SHP0891,Kolkata,Chennai,330.4,1577.1,19-11-2023,BlueDart,Bike,Clear,Medium
SHP0892,Hyderabad,Delhi,337.6,961.8,13-03-2023,DHL,Van,Clear,High
SHP0893,Delhi,Bangalore,616.9,1844,19-07-2023,DHL,Container,Clear,High
SHP0894,Kolkata,Chennai,275.7,424.9,19-01-2023,BlueDart,Truck,Clear,Medium
SHP0895,Kolkata,Chennai,289,1342.9,19-04-2023,Delhivery,Van,Rain,Low
SHP0896,Chennai,Delhi,598.1,1769.2,14-03-2023,Delhivery,Truck,Clear,High
SHP0897,Chennai,Mumbai,499.2,1551.1,26-12-2023,FedEx,Truck,Clear,Low
SHP0898,Mumbai,Chennai,590.7,260,22-08-2023,FedEx,Truck,Fog,Low
SHP0899,Kolkata,Hyderabad,259.4,856.2,12-11-2023,FedEx,Truck,Fog,Medium
SHP0900,Hyderabad,Kolkata,461.8,615.9,16-06-2023,DHL,Van,Clear,High
SHP0901,Delhi,Chennai,533.6,1479.6,31-10-2023,FedEx,Container,Clear,Low
SHP0902,Kolkata,Delhi,274,1548.7,23-12-2023,BlueDart,Van,Clear,High
SHP0903,Chennai,Mumbai,600.4,1652.3,21-02-2023,Delhivery,Van,Clear,Medium
SHP0904,Chennai,Delhi,438.9,201.8,02-04-2023,DHL,Container,Clear,High
SHP0905,Kolkata,Delhi,183.5,737.3,16-04-2023,FedEx,Container,Clear,Medium
SHP0906,Delhi,Hyderabad,412.9,1148.1,21-12-2023,DHL,Van,Rain,Medium
SHP0907,Chennai,Kolkata,190.7,1560.3,28-06-2023,Delhivery,Truck,Clear,Low
SHP0908,Bangalore,Chennai,615.2,1216.8,13-11-2023,BlueDart,Van,Clear,Medium
SHP0909,Delhi,Kolkata,323,777.2,28-01-2023,FedEx,Truck,Rain,Medium
SHP0910,Kolkata,Bangalore,534.4,105.3,01-04-2023,FedEx,Truck,Clear,Medium
SHP0911,Delhi,Bangalore,476.2,1174.1,09-05-2023,BlueDart,Bike,Clear,Medium
SHP0912,Bangalore,Delhi,395,1390.1,22-03-2023,DHL,Bike,Clear,Low
SHP0913,Delhi,Bangalore,457.2,1405.1,31-10-2023,BlueDart,Bike,Clear,Medium
SHP0914,Mumbai,Delhi,407.3,1080.4,26-02-2023,BlueDart,Van,Clear,Medium
SHP0915,Delhi,Bangalore,452.2,1797.4,23-04-2023,DHL,Bike,Clear,Low
SHP0916,Kolkata,Delhi,496,797,21-04-2023,Delhivery,Van,Clear,Low
SHP0917,Hyderabad,Delhi,505.5,1854.1,20-11-2023,BlueDart,Container,Clear,Low
SHP0918,Hyderabad,Bangalore,316.9,1364.7,31-01-2023,BlueDart,Van,Clear,Medium
SHP0919,Kolkata,Delhi,216.9,1018.8,25-06-2023,FedEx,Container,Rain,Medium
SHP0920,Hyderabad,Bangalore,621.7,74.8,29-03-2023,FedEx,Truck,Clear,Medium
SHP0921,Delhi,Hyderabad,567.3,212.7,31-08-2023,Delhivery,Container,Clear,Medium
SHP0922,Delhi,Mumbai,450.3,374.4,17-06-2023,Delhivery,Van,Fog,Medium
SHP0923,Delhi,Hyderabad,443.3,1586.4,03-01-2023,Delhivery,Truck,Clear,Medium
SHP0924,Bangalore,Chennai,558,622.5,06-08-2023,Delhivery,Bike,Fog,Medium
SHP0925,Chennai,Bangalore,548.3,1437.4,11-09-2023,FedEx,Truck,Clear,Low
SHP0926,Hyderabad,Kolkata,654.7,125.8,22-04-2023,FedEx,Container,Clear,Medium
SHP0927,Chennai,Delhi,414.8,518.7,03-09-2023,BlueDart,Van,Rain,High
SHP0928,Hyderabad,Bangalore,504.5,1575,13-01-2023,Delhivery,Bike,Rain,High
SHP0929,Kolkata,Delhi,369.1,1619.6,09-07-2023,Delhivery,Truck,Fog,Low
SHP0930,Hyderabad,Mumbai,503.7,893.8,29-09-2023,DHL,Container,Clear,Low
SHP0931,Bangalore,Hyderabad,495.2,1555,22-10-2023,FedEx,Truck,Rain,Medium
SHP0932,Chennai,Hyderabad,365.6,632.2,12-12-2023,BlueDart,Truck,Clear,Medium
SHP0933,Bangalore,Chennai,690.6,1550.9,07-07-2023,BlueDart,Van,Rain,Medium
SHP0934,Bangalore,Delhi,647.3,189.6,12-03-2023,BlueDart,Van,Clear,Medium
SHP0935,Hyderabad,Bangalore,589.5,1305.1,26-12-2023,FedEx,Van,Clear,High
SHP0936,Bangalore,Kolkata,509.8,1370.9,22-05-2023,DHL,Truck,Clear,Medium
SHP0937,Bangalore,Hyderabad,508.5,1858.9,04-03-2023,Delhivery,Container,Clear,Medium
SHP0938,Hyderabad,Chennai,863.1,1735.3,07-04-2023,Delhivery,Truck,Clear,High
SHP0939,Mumbai,Chennai,395.9,1458,25-02-2023,FedEx,Container,Clear,Low
SHP0940,Delhi,Mumbai,394.6,1983.4,24-09-2023,DHL,Container,Clear,Medium
SHP0941,Delhi,Bangalore,674.2,14.9,27-06-2023,Delhivery,Bike,Rain,Low
SHP0942,Delhi,Chennai,569.4,680.6,12-01-2023,FedEx,Container,Clear,Medium
SHP0943,Hyderabad,Mumbai,476.6,1374.2,06-09-2023,Delhivery,Bike,Clear,Low
SHP0944,Mumbai,Delhi,466.9,373.2,14-05-2023,FedEx,Bike,Clear,Low
SHP0945,Chennai,Mumbai,449,688,30-06-2023,BlueDart,Bike,Storm,Medium
SHP0946,Delhi,Hyderabad,660.2,1156.2,27-05-2023,FedEx,Van,Fog,Medium
SHP0947,Hyderabad,Delhi,588.9,432.4,24-03-2023,FedEx,Truck,Clear,Medium
SHP0948,Delhi,Bangalore,360.1,1686.2,14-05-2023,BlueDart,Van,Clear,Medium
SHP0949,Hyderabad,Mumbai,485.5,954.7,26-06-2023,FedEx,Container,Clear,High
SHP0950,Bangalore,Mumbai,367.8,917.4,04-03-2023,DHL,Bike,Fog,Medium
SHP0951,Kolkata,Mumbai,379.5,1892.7,21-03-2023,DHL,Container,Rain,Low
SHP0952,Mumbai,Hyderabad,121.5,1564,08-12-2023,FedEx,Bike,Clear,Low
SHP0953,Kolkata,Chennai,693.8,191.4,13-03-2023,DHL,Container,Clear,Medium
SHP0954,Delhi,Bangalore,441.3,1729.7,02-07-2023,DHL,Container,Clear,Medium
SHP0955,Bangalore,Hyderabad,329,276.2,24-04-2023,BlueDart,Van,Clear,Medium
SHP0956,Kolkata,Chennai,620.2,385.7,20-09-2023,Delhivery,Van,Clear,Medium
SHP0957,Bangalore,Chennai,586.2,1028.1,08-12-2023,BlueDart,Bike,Clear,High
SHP0958,Mumbai,Bangalore,408.5,1692,10-07-2023,DHL,Container,Clear,Medium
SHP0959,Kolkata,Hyderabad,560.7,279.4,14-02-2023,FedEx,Bike,Rain,Medium
SHP0960,Kolkata,Mumbai,631.4,759.4,25-03-2023,Delhivery,Bike,Clear,Medium
SHP0961,Chennai,Mumbai,467.2,193.7,17-04-2023,BlueDart,Bike,Storm,Medium
SHP0962,Mumbai,Chennai,731.3,819.5,30-10-2023,Delhivery,Truck,Clear,Medium
SHP0963,Mumbai,Bangalore,572.7,1124.5,31-03-2023,Delhivery,Van,Clear,High
SHP0964,Mumbai,Hyderabad,618.2,1329.2,09-09-2023,DHL,Container,Fog,Medium
SHP0965,Bangalore,Kolkata,557.8,25.2,25-04-2023,DHL,Truck,Clear,Medium
SHP0966,Hyderabad,Kolkata,197.5,1016.7,05-03-2023,BlueDart,Bike,Clear,High
SHP0967,Hyderabad,Delhi,350.8,739.4,15-01-2023,DHL,Container,Clear,High
SHP0968,Bangalore,Mumbai,705,39.8,25-10-2023,Delhivery,Bike,Fog,Medium
SHP0969,Kolkata,Chennai,424.5,1204.8,11-07-2023,DHL,Container,Clear,Low
SHP0970,Mumbai,Bangalore,455.7,311.9,21-12-2023,FedEx,Container,Clear,Low
SHP0971,Kolkata,Mumbai,229.8,205.8,25-01-2023,BlueDart,Container,Clear,High
SHP0972,Bangalore,Delhi,518.4,31.1,18-11-2023,FedEx,Truck,Clear,Low
SHP0973,Mumbai,Kolkata,541.1,1760.6,17-12-2023,BlueDart,Container,Rain,Medium
SHP0974,Chennai,Hyderabad,417,624.6,24-10-2023,BlueDart,Van,Clear,Medium
SHP0975,Mumbai,Bangalore,633.3,633.9,30-07-2023,BlueDart,Van,Clear,Low
SHP0976,Delhi,Mumbai,305,1210.1,14-10-2023,DHL,Bike,Clear,Low
SHP0977,Delhi,Chennai,754.1,14,03-09-2023,BlueDart,Container,Rain,Low
SHP0978,Kolkata,Hyderabad,833.1,1823.5,25-09-2023,BlueDart,Van,Rain,Low
SHP0979,Chennai,Mumbai,598.4,759.5,07-03-2023,FedEx,Van,Clear,Low
SHP0980,Chennai,Bangalore,387.9,209.3,20-12-2023,DHL,Truck,Clear,Medium
SHP0981,Kolkata,Chennai,239,92.4,11-04-2023,DHL,Truck,Rain,Medium
SHP0982,Chennai,Bangalore,503.8,1666.4,02-03-2023,BlueDart,Truck,Clear,Medium
SHP0983,Chennai,Delhi,400.4,442.1,05-11-2023,FedEx,Van,Clear,Medium
SHP0984,Chennai,Mumbai,489.3,1161.6,23-05-2023,BlueDart,Container,Clear,Medium
SHP0985,Hyderabad,Bangalore,560,1195.4,04-05-2023,DHL,Truck,Fog,Medium
SHP0986,Bangalore,Delhi,473.3,1073.8,09-04-2023,BlueDart,Van,Fog,Medium
SHP0987,Hyderabad,Chennai,642,817,20-04-2023,Delhivery,Container,Rain,Low
SHP0988,Hyderabad,Chennai,511.6,1417.1,03-04-2023,BlueDart,Bike,Clear,Medium
SHP0989,Kolkata,Chennai,884.6,1565.9,10-06-2023,DHL,Bike,Clear,Low
SHP0990,Mumbai,Kolkata,686.5,1984.8,13-10-2023,DHL,Truck,Clear,Low
SHP0991,Mumbai,Bangalore,610.2,1823.4,04-11-2023,BlueDart,Bike,Clear,Medium
SHP0992,Kolkata,Delhi,625.5,1922.9,05-02-2023,Delhivery,Container,Clear,High
SHP0993,Kolkata,Chennai,542.6,1161.4,22-07-2023,Delhivery,Truck,Clear,Medium
SHP0994,Hyderabad,Bangalore,466.1,238,22-02-2023,FedEx,Truck,Clear,Low
SHP0995,Delhi,Hyderabad,499,148.9,26-07-2023,DHL,Van,Fog,Medium
SHP0996,Mumbai,Hyderabad,273.5,887.3,31-10-2023,BlueDart,Bike,Clear,Medium
SHP0997,Kolkata,Bangalore,527.5,24.8,19-09-2023,BlueDart,Van,Rain,Low
SHP0998,Mumbai,Bangalore,703,1741.8,12-09-2023,FedEx,Van,Clear,Medium
SHP0999,Chennai,Bangalore,665.2,1562.8,14-12-2023,DHL,Van,Clear,Medium
SHP1000,Delhi,Kolkata,425.8,1180.2,15-11-2023,DHL,Truck,Rain,Medium
